# Torus knot (p=2, q=3), generated for the obj_loading sample.
# Quads on purpose: the sample's parser fan-triangulates n-gons.
# Seam rows/columns duplicate positions with wrapped uvs, and u follows arc length.
o knot
v 3.00030 0.38301 -0.17235
v 2.79026 0.33169 -0.14963
v 2.63642 0.19150 -0.08681
v 2.58000 0.00000 -0.00073
v 2.63612 -0.19150 0.08554
v 2.78974 -0.33169 0.14889
v 2.99970 -0.38301 0.17235
v 3.20974 -0.33169 0.14963
v 3.36358 -0.19150 0.08681
v 3.42000 -0.00000 0.00073
v 3.36388 0.19150 -0.08554
v 3.21026 0.33169 -0.14889
v 3.00030 0.38301 -0.17235
v 3.00427 0.51572 0.12466
v 2.79347 0.46432 0.11097
v 2.63125 0.32389 0.14606
v 2.56108 0.13206 0.22052
v 2.60176 -0.05977 0.31440
v 2.74239 -0.20020 0.40254
v 2.94529 -0.25160 0.46133
v 3.15609 -0.20020 0.47501
v 3.31831 -0.05977 0.43992
v 3.38848 0.13206 0.36546
v 3.34780 0.32389 0.27159
v 3.20717 0.46432 0.18344
v 3.00427 0.51572 0.12466
v 2.95635 0.64681 0.42007
v 2.75114 0.59516 0.37019
v 2.58585 0.45403 0.37570
v 2.50477 0.26126 0.43511
v 2.52963 0.06848 0.53250
v 2.65375 -0.07264 0.64179
v 2.84390 -0.12430 0.73367
v 3.04911 -0.07264 0.78355
v 3.21440 0.06848 0.77804
v 3.29548 0.26126 0.71863
v 3.27062 0.45403 0.62124
v 3.14649 0.59516 0.51196
v 2.95635 0.64681 0.42007
v 2.85724 0.77339 0.70418
v 2.66384 0.72133 0.61960
v 2.50129 0.57910 0.59488
v 2.41313 0.38480 0.63663
v 2.42299 0.19050 0.73368
v 2.52823 0.04827 0.86001
v 2.70065 -0.00379 0.98178
v 2.89405 0.04827 1.06636
v 3.05660 0.19050 1.09109
v 3.14476 0.38480 1.04933
v 3.13490 0.57910 0.95229
v 3.02966 0.72133 0.82596
v 2.85724 0.77339 0.70418
v 2.70981 0.89263 0.96762
v 2.53403 0.84003 0.85100
v 2.38019 0.69632 0.79670
v 2.28952 0.50001 0.81926
v 2.28632 0.30371 0.91264
v 2.37143 0.16000 1.05181
v 2.52206 0.10740 1.19949
v 2.69785 0.16000 1.31611
v 2.85168 0.30371 1.37041
v 2.94235 0.50001 1.34785
v 2.94556 0.69632 1.25448
v 2.86044 0.84003 1.11530
v 2.70981 0.89263 0.96762
v 2.51897 1.00179 1.20181
v 2.36592 0.94855 1.05687
v 2.22664 0.80310 0.97495
v 2.13845 0.60440 0.97801
v 2.12498 0.40571 1.06522
v 2.18983 0.26026 1.21321
v 2.31564 0.20702 1.38234
v 2.46869 0.26026 1.52728
v 2.60797 0.40571 1.60920
v 2.69616 0.60440 1.60615
v 2.70963 0.80310 1.51894
v 2.64477 0.94855 1.37094
v 2.51897 1.00179 1.20181
v 2.29140 1.09832 1.39950
v 2.16534 1.04438 1.23078
v 2.04601 0.89702 1.12444
v 1.96536 0.69571 1.10898
v 1.94503 0.49440 1.18853
v 1.99044 0.34704 1.34178
v 2.08944 0.29310 1.52768
v 2.21549 0.34704 1.69640
v 2.33483 0.49440 1.80274
v 2.41547 0.69571 1.81820
v 2.43581 0.89702 1.73865
v 2.39039 1.04438 1.58540
v 2.29140 1.09832 1.39950
v 2.03519 1.17987 1.55515
v 1.93939 1.12522 1.36780
v 1.84466 0.97591 1.24131
v 1.77640 0.77196 1.20957
v 1.75289 0.56800 1.28109
v 1.78044 0.41869 1.43670
v 1.85166 0.36404 1.63471
v 1.94747 0.41869 1.82206
v 2.04220 0.56800 1.94855
v 2.11046 0.77196 1.98029
v 2.13396 0.97591 1.90877
v 2.10641 1.12522 1.75316
v 2.03519 1.17987 1.55515
v 1.75940 1.24435 1.66520
v 1.69601 1.18904 1.46473
v 1.62962 1.03792 1.32323
v 1.57802 0.83149 1.27861
v 1.55504 0.62506 1.34284
v 1.56682 0.47395 1.49869
v 1.61022 0.41863 1.70442
v 1.67361 0.47395 1.90489
v 1.74000 0.62506 2.04639
v 1.79160 0.83149 2.09101
v 1.81459 1.03792 2.02678
v 1.80280 1.18904 1.87093
v 1.75940 1.24435 1.66520
v 1.47348 1.28994 1.72825
v 1.44360 1.23408 1.52027
v 1.40817 1.08148 1.36953
v 1.37670 0.87303 1.31640
v 1.35762 0.66457 1.37513
v 1.35604 0.51197 1.52997
v 1.37238 0.45612 1.73945
v 1.40227 0.51197 1.94742
v 1.43769 0.66457 2.09817
v 1.46916 0.87303 2.15130
v 1.48824 1.08148 2.09257
v 1.48982 1.23408 1.93772
v 1.47348 1.28994 1.72825
v 1.18682 1.31513 1.74509
v 1.19044 1.25893 1.53510
v 1.18740 1.10540 1.38121
v 1.17852 0.89567 1.32464
v 1.16617 0.68593 1.38055
v 1.15367 0.53240 1.53397
v 1.14437 0.47620 1.74378
v 1.14075 0.53240 1.95377
v 1.14379 0.68593 2.10767
v 1.15267 0.89567 2.16424
v 1.16502 1.10540 2.10832
v 1.17752 1.25893 1.95490
v 1.18682 1.31513 1.74509
v 0.90816 1.31875 1.71865
v 0.94427 1.26251 1.51177
v 0.97378 1.10884 1.36084
v 0.98879 0.89892 1.30630
v 0.98528 0.68900 1.36276
v 0.96418 0.53533 1.51509
v 0.93116 0.47908 1.72249
v 0.89506 0.53533 1.92937
v 0.86555 0.68900 2.08030
v 0.85054 0.89892 2.13484
v 0.85405 1.10884 2.07838
v 0.87514 1.26251 1.92604
v 0.90816 1.31875 1.71865
v 0.64515 1.30000 1.65380
v 0.71179 1.24410 1.45455
v 0.77278 1.09135 1.31237
v 0.81179 0.88271 1.26535
v 0.81835 0.67406 1.32609
v 0.79071 0.52132 1.47831
v 0.73627 0.46541 1.68124
v 0.66963 0.52132 1.88048
v 0.60863 0.67406 2.02267
v 0.56963 0.88271 2.06969
v 0.56307 1.09135 2.00895
v 0.59071 1.24410 1.85672
v 0.64515 1.30000 1.65380
v 0.40383 1.25847 1.55712
v 0.49824 1.20339 1.36919
v 0.58851 1.05293 1.24082
v 0.65045 0.84739 1.20642
v 0.66746 0.64185 1.27520
v 0.63498 0.49139 1.42873
v 0.56172 0.43631 1.62587
v 0.46731 0.49139 1.81381
v 0.37704 0.64185 1.94217
v 0.31511 0.84739 1.97658
v 0.29809 1.05293 1.90780
v 0.33057 1.20339 1.75427
v 0.40383 1.25847 1.55712
v 0.18829 1.19422 1.43657
v 0.30700 1.14056 1.26252
v 0.42337 0.99397 1.15190
v 0.50620 0.79373 1.13434
v 0.53330 0.59349 1.21456
v 0.49741 0.44690 1.37105
v 0.40815 0.39324 1.56189
v 0.28943 0.44690 1.73594
v 0.17306 0.59349 1.84656
v 0.09023 0.79373 1.86412
v 0.06313 0.99397 1.78391
v 0.09902 1.14056 1.62741
v 0.18829 1.19422 1.43657
v 0.00025 1.10789 1.30115
v 0.13927 1.05631 1.14215
v 0.27785 0.91539 1.05158
v 0.37886 0.72289 1.05372
v 0.41524 0.53038 1.14798
v 0.37724 0.38946 1.30911
v 0.27504 0.33788 1.49393
v 0.13602 0.38946 1.65293
v -0.00256 0.53038 1.74349
v -0.10357 0.72289 1.74136
v -0.13995 0.91539 1.64710
v -0.10195 1.05631 1.48597
v 0.00025 1.10789 1.30115
v -0.16120 1.00092 1.16047
v -0.00630 0.95208 1.01594
v 0.15028 0.81866 0.94562
v 0.26660 0.63640 0.96836
v 0.31149 0.45413 1.07805
v 0.27291 0.32071 1.24531
v 0.16120 0.27187 1.42532
v 0.00630 0.32071 1.56984
v -0.15028 0.45413 1.64016
v -0.26660 0.63640 1.61743
v -0.31149 0.81866 1.50774
v -0.27291 0.95208 1.34048
v -0.16120 1.00092 1.16047
v -0.29982 0.87573 1.02442
v -0.13378 0.83023 0.89165
v 0.03667 0.70593 0.83909
v 0.16586 0.53613 0.88084
v 0.21918 0.36633 1.00571
v 0.18234 0.24202 1.18023
v 0.06520 0.19653 1.35764
v -0.10083 0.24202 1.49041
v -0.27128 0.36633 1.54297
v -0.40047 0.53613 1.50122
v -0.45379 0.70593 1.37635
v -0.41695 0.83023 1.20183
v -0.29982 0.87573 1.02442
v -0.42195 0.73616 0.90276
v -0.24993 0.69437 0.77655
v -0.06938 0.58021 0.73610
v 0.07131 0.42426 0.79225
v 0.13444 0.26831 0.92994
v 0.10311 0.15414 1.11229
v -0.01430 0.11236 1.29043
v -0.18632 0.15414 1.41664
v -0.36687 0.26831 1.45709
v -0.50756 0.42426 1.40094
v -0.57070 0.58021 1.26325
v -0.53936 0.69437 1.08090
v -0.42195 0.73616 0.90276
v -0.53548 0.58776 0.80470
v -0.36338 0.54964 0.67744
v -0.17624 0.44548 0.64006
v -0.02421 0.30320 0.70258
v 0.05198 0.16092 0.84824
v 0.03192 0.05676 1.03802
v -0.07903 0.01864 1.22106
v -0.25113 0.05676 1.34832
v -0.43827 0.16092 1.38569
v -0.59030 0.30320 1.32318
v -0.66649 0.44548 1.17751
v -0.64642 0.54964 0.98774
v -0.53548 0.58776 0.80470
v -0.64683 0.43794 0.73761
v -0.48179 0.40279 0.60052
v -0.29217 0.30676 0.55483
v -0.12877 0.17558 0.61278
v -0.03538 0.04440 0.75885
v -0.03702 -0.05163 0.95389
v -0.13324 -0.08678 1.14565
v -0.29828 -0.05163 1.28274
v -0.48790 0.04440 1.32843
v -0.65130 0.17558 1.27048
v -0.74469 0.30676 1.12441
v -0.74306 0.40279 0.92937
v -0.64683 0.43794 0.73761
v -0.75688 0.29493 0.70315
v -0.60662 0.26133 0.54966
v -0.42028 0.16955 0.48548
v -0.24779 0.04416 0.52781
v -0.13537 -0.08122 0.66531
v -0.11314 -0.17301 0.86114
v -0.18705 -0.20661 1.06281
v -0.33731 -0.17301 1.21631
v -0.52365 -0.08122 1.28048
v -0.69614 0.04416 1.23815
v -0.80856 0.16955 1.10066
v -0.83079 0.26133 0.90483
v -0.75688 0.29493 0.70315
v -0.86095 0.16514 0.69201
v -0.73045 0.13120 0.52146
v -0.55381 0.03846 0.43506
v -0.37836 -0.08822 0.45594
v -0.25111 -0.21489 0.57853
v -0.20616 -0.30763 0.76996
v -0.25555 -0.34157 0.97894
v -0.38604 -0.30763 1.14948
v -0.56268 -0.21489 1.23589
v -0.73813 -0.08822 1.21500
v -0.86538 0.03846 1.09242
v -0.91033 0.13120 0.90099
v -0.86095 0.16514 0.69201
v -0.95659 0.05060 0.68676
v -0.84468 0.01452 0.50389
v -0.68152 -0.08404 0.39934
v -0.51083 -0.21868 0.40112
v -0.37834 -0.35332 0.50875
v -0.31956 -0.45188 0.69340
v -0.35023 -0.48796 0.90559
v -0.46213 -0.45188 1.08846
v -0.62529 -0.35332 1.19302
v -0.79598 -0.21868 1.19124
v -0.92847 -0.08404 1.08360
v -0.98725 0.01452 0.89895
v -0.95659 0.05060 0.68676
v -1.04798 -0.05049 0.67368
v -0.94845 -0.08987 0.48445
v -0.79867 -0.19745 0.36930
v -0.63878 -0.34442 0.35909
v -0.51162 -0.49138 0.45655
v -0.45127 -0.59896 0.63557
v -0.47388 -0.63834 0.84819
v -0.57341 -0.59896 1.03742
v -0.72319 -0.49138 1.15257
v -0.88308 -0.34442 1.16278
v -1.01024 -0.19745 1.06531
v -1.07060 -0.08987 0.88629
v -1.04798 -0.05049 0.67368
v -1.14156 -0.14084 0.64751
v -1.04689 -0.18396 0.45661
v -0.90830 -0.30177 0.33753
v -0.76293 -0.46269 0.32218
v -0.64972 -0.62362 0.41466
v -0.59903 -0.74143 0.59021
v -0.62441 -0.78455 0.80178
v -0.71909 -0.74143 0.99269
v -0.85768 -0.62362 1.11177
v -1.00305 -0.46269 1.12712
v -1.11625 -0.30177 1.03463
v -1.16695 -0.18396 0.85909
v -1.14156 -0.14084 0.64751
v -1.24203 -0.22211 0.60753
v -1.14574 -0.26884 0.41830
v -1.01581 -0.39653 0.29964
v -0.88706 -0.57095 0.28334
v -0.79398 -0.74538 0.37378
v -0.76152 -0.87307 0.54673
v -0.79838 -0.91980 0.75583
v -0.89467 -0.87307 0.94506
v -1.02460 -0.74538 1.06372
v -1.15335 -0.57095 1.08001
v -1.24643 -0.39653 0.98957
v -1.27889 -0.26884 0.81663
v -1.24203 -0.22211 0.60753
v -1.35178 -0.29453 0.55341
v -1.24897 -0.34441 0.36846
v -1.12542 -0.48069 0.25257
v -1.01424 -0.66686 0.23681
v -0.94522 -0.85302 0.32538
v -0.93685 -0.98930 0.49457
v -0.99138 -1.03918 0.69903
v -1.09419 -0.98930 0.88399
v -1.21774 -0.85302 0.99987
v -1.32892 -0.66686 1.01564
v -1.39794 -0.48069 0.92706
v -1.40631 -0.34441 0.75788
v -1.35178 -0.29453 0.55341
v -1.47130 -0.35726 0.48382
v -1.35846 -0.40965 0.30552
v -1.23921 -0.55279 0.19347
v -1.14548 -0.74832 0.17769
v -1.10239 -0.94385 0.26241
v -1.12149 -1.08699 0.42493
v -1.19766 -1.13938 0.62170
v -1.31049 -1.08699 0.80000
v -1.42975 -0.94385 0.91205
v -1.52348 -0.74832 0.92783
v -1.56657 -0.55279 0.84311
v -1.54747 -0.40965 0.68059
v -1.47130 -0.35726 0.48382
v -1.59935 -0.40882 0.39638
v -1.47411 -0.46305 0.22715
v -1.35707 -0.61120 0.11936
v -1.27960 -0.81359 0.10189
v -1.26246 -1.01598 0.17943
v -1.31023 -1.16413 0.33120
v -1.41012 -1.21836 0.51653
v -1.53537 -1.16413 0.68576
v -1.65240 -1.01598 0.79355
v -1.72987 -0.81359 0.81102
v -1.74701 -0.61120 0.73348
v -1.69924 -0.46305 0.58171
v -1.59935 -0.40882 0.39638
v -1.73315 -0.44750 0.28829
v -1.59401 -0.50293 0.13070
v -1.47708 -0.65437 0.02746
v -1.41367 -0.86125 0.00624
v -1.42079 -1.06812 0.07272
v -1.49653 -1.21956 0.20909
v -1.62058 -1.27499 0.37881
v -1.75972 -1.21956 0.53640
v -1.87665 -1.06812 0.63964
v -1.94005 -0.86125 0.66086
v -1.93293 -0.65437 0.59438
v -1.85720 -0.50293 0.45801
v -1.73315 -0.44750 0.28829
v -1.86845 -0.47168 0.15690
v -1.71475 -0.52776 0.01372
v -1.59578 -0.68097 -0.08446
v -1.54341 -0.89026 -0.11133
v -1.57168 -1.09955 -0.05970
v -1.67301 -1.25276 0.05660
v -1.82024 -1.30884 0.20641
v -1.97394 -1.25276 0.34958
v -2.09291 -1.09955 0.44776
v -2.14528 -0.89026 0.47463
v -2.11701 -0.68097 0.42300
v -2.01569 -0.52776 0.30670
v -1.86845 -0.47168 0.15690
v -1.99980 -0.48000 0.00027
v -1.83165 -0.53627 -0.12554
v -1.70862 -0.69000 -0.21771
v -1.66366 -0.90000 -0.25154
v -1.70882 -1.11000 -0.21798
v -1.83201 -1.26373 -0.12601
v -2.00020 -1.32000 -0.00027
v -2.16835 -1.26373 0.12554
v -2.29138 -1.11000 0.21771
v -2.33634 -0.90000 0.25154
v -2.29118 -0.69000 0.21798
v -2.16799 -0.53627 0.12601
v -1.99980 -0.48000 0.00027
v -2.12086 -0.47149 -0.18233
v -1.93917 -0.52759 -0.28772
v -1.81033 -0.68087 -0.37240
v -1.76886 -0.89026 -0.41368
v -1.82586 -1.09964 -0.40049
v -1.96608 -1.25293 -0.33637
v -2.15193 -1.30903 -0.23850
v -2.33361 -1.25293 -0.13311
v -2.46246 -1.09964 -0.04843
v -2.50393 -0.89026 -0.00715
v -2.44692 -0.68087 -0.02034
v -2.30671 -0.52759 -0.08446
v -2.12086 -0.47149 -0.18233
v -2.22484 -0.44563 -0.39020
v -2.03132 -0.50131 -0.47216
v -1.89540 -0.65344 -0.54732
v -1.85350 -0.86125 -0.59556
v -1.91684 -1.06905 -0.60394
v -2.06846 -1.22118 -0.57021
v -2.26772 -1.27686 -0.50343
v -2.46123 -1.22118 -0.42147
v -2.59715 -1.06905 -0.34630
v -2.63906 -0.86125 -0.29807
v -2.57571 -0.65344 -0.28969
v -2.42410 -0.50131 -0.32341
v -2.22484 -0.44563 -0.39020
v -2.30490 -0.40241 -0.62102
v -2.10209 -0.45749 -0.67669
v -1.95848 -0.60800 -0.73986
v -1.91255 -0.81359 -0.79361
v -1.97660 -1.01918 -0.82352
v -2.13348 -1.16969 -0.82160
v -2.34115 -1.22477 -0.78834
v -2.54396 -1.16969 -0.73267
v -2.68757 -1.01918 -0.66950
v -2.73350 -0.81359 -0.61576
v -2.66945 -0.60800 -0.58584
v -2.51257 -0.45749 -0.58777
v -2.30490 -0.40241 -0.62102
v -2.35463 -0.34226 -0.87085
v -2.14586 -0.39667 -0.89774
v -1.99475 -0.54529 -0.94613
v -1.94179 -0.74832 -1.00305
v -2.00116 -0.95135 -1.05325
v -2.15696 -1.09998 -1.08329
v -2.36745 -1.15438 -1.08510
v -2.57621 -1.09998 -1.05821
v -2.72732 -0.95135 -1.00982
v -2.78029 -0.74832 -0.95290
v -2.72092 -0.54529 -0.90269
v -2.56512 -0.39667 -0.87266
v -2.35463 -0.34226 -0.87085
v -2.36844 -0.26612 -1.13422
v -2.15780 -0.31981 -1.13039
v -2.00030 -0.46649 -1.16111
v -1.93813 -0.66686 -1.21816
v -1.98796 -0.86722 -1.28625
v -2.13643 -1.01390 -1.34714
v -2.34377 -1.06759 -1.38450
v -2.55441 -1.01390 -1.38834
v -2.71191 -0.86722 -1.35762
v -2.77408 -0.66686 -1.30057
v -2.72425 -0.46649 -1.23248
v -2.57578 -0.31981 -1.17159
v -2.36844 -0.26612 -1.13422
v -2.34194 -0.17532 -1.40436
v -2.13415 -0.22833 -1.36860
v -1.97231 -0.37314 -1.37892
v -1.89981 -0.57095 -1.43257
v -1.93605 -0.76877 -1.51516
v -2.07133 -0.91358 -1.60457
v -2.26941 -0.96658 -1.67684
v -2.47720 -0.91358 -1.71261
v -2.63903 -0.76877 -1.70228
v -2.71154 -0.57095 -1.64864
v -2.67530 -0.37314 -1.56604
v -2.54001 -0.22833 -1.47663
v -2.34194 -0.17532 -1.40436
v -2.27224 -0.07160 -1.67345
v -2.07249 -0.12400 -1.60548
v -1.90933 -0.26715 -1.59310
v -1.82648 -0.46269 -1.63962
v -1.84614 -0.65824 -1.73257
v -1.96305 -0.80139 -1.84706
v -2.14587 -0.85379 -1.95240
v -2.34562 -0.80139 -2.02037
v -2.50878 -0.65824 -2.03275
v -2.59163 -0.46269 -1.98623
v -2.57197 -0.26715 -1.89328
v -2.45506 -0.12400 -1.77879
v -2.27224 -0.07160 -1.67345
v -2.15820 0.04298 -1.93297
v -1.97193 -0.00892 -1.83359
v -1.81127 -0.15072 -1.79688
v -1.71926 -0.34442 -1.83269
v -1.72056 -0.53811 -1.93141
v -1.81482 -0.67991 -2.06659
v -1.97679 -0.73181 -2.20202
v -2.16306 -0.67991 -2.30140
v -2.32372 -0.53811 -2.33811
v -2.41573 -0.34442 -2.30230
v -2.41443 -0.15072 -2.20358
v -2.32017 -0.00892 -2.06840
v -2.15820 0.04298 -1.93297
v -2.00060 0.16606 -2.17415
v -1.83325 0.11452 -2.04530
v -1.67954 -0.02631 -1.98358
v -1.58067 -0.21868 -2.00554
v -1.56311 -0.41106 -2.10530
v -1.63159 -0.55188 -2.25611
v -1.76774 -0.60343 -2.41758
v -1.93509 -0.55188 -2.54644
v -2.08879 -0.41106 -2.60815
v -2.18767 -0.21868 -2.58619
v -2.20522 -0.02631 -2.48643
v -2.13675 0.11452 -2.33562
v -2.00060 0.16606 -2.17415
v -1.80216 0.29507 -2.38835
v -1.65886 0.24372 -2.23312
v -1.51695 0.10343 -2.14684
v -1.41445 -0.08822 -2.15261
v -1.37882 -0.27986 -2.24890
v -1.41962 -0.42015 -2.40989
v -1.52591 -0.47150 -2.59246
v -1.66921 -0.42015 -2.74769
v -1.81112 -0.27986 -2.83397
v -1.91363 -0.08822 -2.82820
v -1.94925 0.10343 -2.73191
v -1.90845 0.24372 -2.57092
v -1.80216 0.29507 -2.38835
v -1.56756 0.42724 -2.56755
v -1.45284 0.37592 -2.39015
v -1.32762 0.23570 -2.28095
v -1.22544 0.04416 -2.26922
v -1.17368 -0.14738 -2.35810
v -1.18622 -0.28760 -2.52377
v -1.25969 -0.33892 -2.72185
v -1.37440 -0.28760 -2.89926
v -1.49963 -0.14738 -3.00845
v -1.60180 0.04416 -3.02018
v -1.65356 0.23570 -2.93131
v -1.64102 0.37592 -2.76563
v -1.56756 0.42724 -2.56755
v -1.30324 0.55974 -2.70483
v -1.22079 0.50827 -2.51036
v -1.11688 0.36766 -2.38114
v -1.01935 0.17558 -2.35180
v -0.95434 -0.01650 -2.43019
v -0.93926 -0.15711 -2.59532
v -0.97816 -0.20857 -2.80294
v -1.06061 -0.15711 -2.99741
v -1.16452 -0.01650 -3.12663
v -1.26204 0.17558 -3.15598
v -1.32705 0.36766 -3.07758
v -1.34213 0.50827 -2.91245
v -1.30324 0.55974 -2.70483
v -1.01715 0.68965 -2.79475
v -0.96958 0.63787 -2.58903
v -0.89101 0.49642 -2.44382
v -0.80250 0.30320 -2.39804
v -0.72775 0.10998 -2.46395
v -0.68680 -0.03147 -2.62389
v -0.69062 -0.08325 -2.83501
v -0.73819 -0.03147 -3.04074
v -0.81676 0.10998 -3.18594
v -0.90528 0.30320 -3.23173
v -0.98002 0.49642 -3.16582
v -1.02097 0.63787 -3.00587
v -1.01715 0.68965 -2.79475
v -0.71837 0.81409 -2.83373
v -0.70710 0.76186 -2.62299
v -0.65701 0.61917 -2.46679
v -0.58153 0.42426 -2.40699
v -0.50088 0.22934 -2.45961
v -0.43667 0.08665 -2.61055
v -0.40610 0.03442 -2.81937
v -0.41737 0.08665 -3.03011
v -0.46746 0.22934 -3.18630
v -0.54294 0.42426 -3.24610
v -0.62359 0.61917 -3.19348
v -0.68780 0.76186 -3.04254
v -0.71837 0.81409 -2.83373
v -0.41662 0.93026 -2.82025
v -0.44182 0.87746 -2.61087
v -0.42226 0.73320 -2.44940
v -0.36317 0.53613 -2.37912
v -0.28040 0.33906 -2.41886
v -0.19611 0.19480 -2.55796
v -0.13290 0.14199 -2.75916
v -0.10770 0.19480 -2.96855
v -0.12727 0.33906 -3.13002
v -0.18636 0.53613 -3.20030
v -0.26913 0.73320 -3.16056
v -0.35341 0.87746 -3.02146
v -0.41662 0.93026 -2.82025
v -0.12176 1.03549 -2.75504
v -0.18238 0.98202 -2.55322
v -0.19413 0.83594 -2.39263
v -0.15386 0.63640 -2.31630
v -0.07237 0.43685 -2.34469
v 0.02852 0.29077 -2.47019
v 0.12176 0.23730 -2.65917
v 0.18238 0.29077 -2.86099
v 0.19413 0.43685 -3.02158
v 0.15386 0.63640 -3.09791
v 0.07237 0.83594 -3.06952
v -0.02852 0.98202 -2.94402
v -0.12176 1.03549 -2.75504
v 0.15680 1.12728 -2.64097
v 0.06293 1.07310 -2.45250
v 0.02037 0.92508 -2.29906
v 0.04053 0.72289 -2.22175
v 0.11800 0.52069 -2.24129
v 0.23202 0.37267 -2.35244
v 0.35204 0.31849 -2.52543
v 0.44591 0.37267 -2.71390
v 0.48847 0.52069 -2.86734
v 0.46832 0.72289 -2.94465
v 0.39085 0.92508 -2.92511
v 0.27683 1.07310 -2.81396
v 0.15680 1.12728 -2.64097
v 0.41057 1.20336 -2.48291
v 0.28659 1.14848 -2.31296
v 0.21501 0.99854 -2.17274
v 0.21500 0.79373 -2.09982
v 0.28658 0.58891 -2.11374
v 0.41056 0.43898 -2.21077
v 0.55372 0.38410 -2.36491
v 0.67770 0.43898 -2.53486
v 0.74929 0.58891 -2.67508
v 0.74929 0.79373 -2.74800
v 0.67771 0.99854 -2.73408
v 0.55373 1.14848 -2.63705
v 0.41057 1.20336 -2.48291
v 0.63246 1.26173 -2.28744
v 0.48229 1.20622 -2.14036
v 0.38465 1.05456 -2.01898
v 0.36571 0.84739 -1.95582
v 0.43055 0.64022 -1.96780
v 0.56179 0.48856 -2.05172
v 0.72427 0.43305 -2.18509
v 0.87444 0.48856 -2.33217
v 0.97208 0.64022 -2.45355
v 0.99101 0.84739 -2.51671
v 0.92618 1.05456 -2.50472
v 0.79494 1.20622 -2.42080
v 0.63246 1.26173 -2.28744
v 0.81715 1.30067 -2.06245
v 0.64527 1.24467 -1.94167
v 0.52558 1.09169 -1.84401
v 0.49014 0.88271 -1.79566
v 0.54846 0.67373 -1.80956
v 0.68490 0.52074 -1.88199
v 0.86290 0.46475 -1.99355
v 1.03478 0.52074 -2.11433
v 1.15447 0.67373 -2.21199
v 1.18991 0.88271 -2.26034
v 1.13159 1.09169 -2.24644
v 0.99515 1.24467 -2.17401
v 0.81715 1.30067 -2.06245
v 0.96133 1.31878 -1.81670
v 0.77260 1.26253 -1.72460
v 0.63567 1.10885 -1.65461
v 0.58723 0.89892 -1.62549
v 0.64026 0.68898 -1.64503
v 0.78056 0.53530 -1.70800
v 0.97052 0.47905 -1.79753
v 1.15925 0.53530 -1.88963
v 1.29618 0.68898 -1.95962
v 1.34462 0.89892 -1.98874
v 1.29159 1.10885 -1.96920
v 1.15129 1.26253 -1.90623
v 0.96133 1.31878 -1.81670
v 1.06391 1.31502 -1.55928
v 0.86327 1.25884 -1.49718
v 0.71446 1.10534 -1.45767
v 0.65735 0.89567 -1.45132
v 0.70724 0.68599 -1.47983
v 0.85076 0.53250 -1.53557
v 1.04946 0.47631 -1.60361
v 1.25010 0.53250 -1.66570
v 1.39891 0.68599 -1.70521
v 1.45602 0.89567 -1.71156
v 1.40613 1.10534 -1.68305
v 1.26261 1.25884 -1.62731
v 1.06391 1.31502 -1.55928
v 1.12605 1.28870 -1.29912
v 0.91832 1.23301 -1.26723
v 0.76321 1.08086 -1.25972
v 0.70225 0.87303 -1.27859
v 0.75180 0.66519 -1.31879
v 0.89857 0.51305 -1.36955
v 1.10324 0.45736 -1.41727
v 1.31096 0.51305 -1.44916
v 1.46608 0.66519 -1.45667
v 1.52703 0.87303 -1.43780
v 1.47748 1.08086 -1.39760
v 1.33071 1.23301 -1.34684
v 1.12605 1.28870 -1.29912
v 1.15115 1.23956 -1.04449
v 0.94074 1.18489 -1.04186
v 0.78469 1.03552 -1.06650
v 0.72482 0.83149 -1.11180
v 0.77716 0.62746 -1.16563
v 0.92770 0.47810 -1.21356
v 1.13609 0.42343 -1.24275
v 1.34649 0.47810 -1.24537
v 1.50254 0.62746 -1.22073
v 1.56241 0.83149 -1.17543
v 1.51007 1.03552 -1.12160
v 1.35953 1.18489 -1.07367
v 1.15115 1.23956 -1.04449
v 1.14477 1.16784 -0.80243
v 0.93537 1.11480 -0.82697
v 0.78310 0.96990 -0.88250
v 0.72877 0.77196 -0.95415
v 0.78694 0.57401 -1.02271
v 0.94202 0.42911 -1.06982
v 1.15246 0.37607 -1.08285
v 1.36186 0.42911 -1.05832
v 1.51413 0.57401 -1.00279
v 1.56846 0.77196 -0.93114
v 1.51029 0.96990 -0.86257
v 1.35521 1.11480 -0.81546
v 1.14477 1.16784 -0.80243
v 1.11450 1.07444 -0.57834
v 0.90871 1.02370 -0.62675
v 0.76368 0.88507 -0.71051
v 0.71827 0.69571 -0.80719
v 0.78465 0.50635 -0.89087
v 0.94502 0.36772 -0.93913
v 1.15643 0.31698 -0.93904
v 1.36221 0.36772 -0.89063
v 1.50724 0.50635 -0.80687
v 1.55265 0.69571 -0.71019
v 1.48628 0.88507 -0.62652
v 1.32590 1.02370 -0.57825
v 1.11450 1.07444 -0.57834
v 1.06969 0.96106 -0.37547
v 0.86871 0.91327 -0.44321
v 0.73248 0.78273 -0.55122
v 0.69751 0.60440 -0.67056
v 0.77317 0.42608 -0.76926
v 0.93918 0.29553 -0.82087
v 1.15107 0.24775 -0.81155
v 1.35206 0.29553 -0.74382
v 1.48828 0.42608 -0.63581
v 1.52325 0.60440 -0.51646
v 1.44759 0.78273 -0.41776
v 1.28158 0.91327 -0.36616
v 1.06969 0.96106 -0.37547
v 1.02125 0.83057 -0.19473
v 0.82446 0.78628 -0.27583
v 0.69602 0.66529 -0.40284
v 0.67036 0.50001 -0.54173
v 0.75435 0.33474 -0.65529
v 0.92549 0.21374 -0.71308
v 1.13791 0.16946 -0.69962
v 1.33471 0.21374 -0.61853
v 1.46314 0.33474 -0.49151
v 1.48880 0.50001 -0.35262
v 1.40481 0.66529 -0.23906
v 1.23367 0.78628 -0.18127
v 1.02125 0.83057 -0.19473
v 0.98105 0.68734 -0.03482
v 0.78589 0.64681 -0.12164
v 0.66118 0.53607 -0.26110
v 0.64034 0.38480 -0.41586
v 0.72895 0.23353 -0.54443
v 0.90327 0.12279 -0.61238
v 1.11659 0.08226 -0.60149
v 1.31175 0.12279 -0.51468
v 1.43645 0.23353 -0.37521
v 1.45729 0.38480 -0.22045
v 1.36868 0.53607 -0.09188
v 1.19437 0.64681 -0.02393
v 0.98105 0.68734 -0.03482
v 0.96064 0.53757 0.10660
v 0.76312 0.50055 0.02365
v 0.63524 0.39942 -0.12017
v 0.61126 0.26126 -0.28631
v 0.69762 0.12310 -0.43026
v 0.87116 0.02196 -0.51345
v 1.08539 -0.01506 -0.51358
v 1.28291 0.02196 -0.43063
v 1.41079 0.12310 -0.28681
v 1.43477 0.26126 -0.12067
v 1.34842 0.39942 0.02328
v 1.17488 0.50055 0.10647
v 0.96064 0.53757 0.10660
v 0.96779 0.38913 0.23086
v 0.76430 0.35469 0.16252
v 0.62555 0.26059 0.02410
v 0.58874 0.13206 -0.14734
v 0.66372 0.00352 -0.30584
v 0.83040 -0.09057 -0.40894
v 1.04412 -0.12502 -0.42901
v 1.24762 -0.09057 -0.36068
v 1.38636 0.00352 -0.22225
v 1.42317 0.13206 -0.05082
v 1.34820 0.26059 0.10768
v 1.18151 0.35469 0.21078
v 0.96779 0.38913 0.23086
v 1.00042 0.25000 0.33749
v 0.79037 0.21650 0.29254
v 0.63648 0.12500 0.16920
v 0.58000 0.00000 0.00052
v 0.63606 -0.12500 -0.16829
v 0.78963 -0.21650 -0.29202
v 0.99958 -0.25000 -0.33749
v 1.20963 -0.21650 -0.29254
v 1.36352 -0.12500 -0.16920
v 1.42000 0.00000 -0.00052
v 1.36394 0.12500 0.16829
v 1.21037 0.21650 0.29202
v 1.00042 0.25000 0.33749
v 1.04479 0.12530 0.42871
v 0.83103 0.09082 0.40912
v 0.66414 -0.00338 0.30645
v 0.58884 -0.13206 0.14822
v 0.62531 -0.26074 -0.02318
v 0.76377 -0.35494 -0.16182
v 0.96712 -0.38942 -0.23056
v 1.18088 -0.35494 -0.21096
v 1.34777 -0.26074 -0.10830
v 1.42307 -0.13206 0.04994
v 1.38661 -0.00338 0.22134
v 1.24815 0.09082 0.35998
v 1.04479 0.12530 0.42871
v 1.08569 0.01555 0.51309
v 0.87146 -0.02154 0.51328
v 0.69785 -0.12286 0.43045
v 0.61137 -0.26126 0.28682
v 0.63518 -0.39966 0.12085
v 0.76292 -0.50097 -0.02297
v 0.96035 -0.53806 -0.10611
v 1.17457 -0.50097 -0.10629
v 1.34818 -0.39966 -0.02347
v 1.43467 -0.26126 0.12017
v 1.41085 -0.12286 0.28613
v 1.28312 -0.02154 0.42995
v 1.08569 0.01555 0.51309
v 1.11652 -0.08169 0.60089
v 0.90322 -0.12230 0.61192
v 0.72894 -0.23324 0.54423
v 0.64036 -0.38480 0.41596
v 0.66123 -0.53635 0.26149
v 0.78596 -0.64730 0.12220
v 0.98111 -0.68791 0.03542
v 1.19441 -0.64730 0.02439
v 1.36870 -0.53635 0.09208
v 1.45727 -0.38480 0.22035
v 1.43640 -0.23324 0.37482
v 1.31168 -0.12230 0.51411
v 1.11652 -0.08169 0.60089
v 1.13761 -0.16890 0.69896
v 0.92520 -0.21326 0.71239
v 0.75416 -0.33445 0.65476
v 0.67031 -0.50001 0.54151
v 0.69613 -0.66557 0.40298
v 0.82469 -0.78677 0.27629
v 1.02155 -0.83113 0.19540
v 1.23396 -0.78677 0.18196
v 1.40500 -0.66557 0.23959
v 1.48885 -0.50001 0.35285
v 1.46304 -0.33445 0.49138
v 1.33447 -0.21326 0.61806
v 1.13761 -0.16890 0.69896
v 1.15067 -0.24725 0.81082
v 0.93879 -0.29510 0.81999
v 0.77289 -0.42583 0.76847
v 0.69742 -0.60440 0.67008
v 0.73260 -0.78298 0.55117
v 0.86901 -0.91370 0.44360
v 1.07009 -0.96155 0.37621
v 1.28197 -0.91370 0.36704
v 1.44787 -0.78298 0.41855
v 1.52334 -0.60440 0.51694
v 1.48816 -0.42583 0.63585
v 1.35176 -0.29510 0.74342
v 1.15067 -0.24725 0.81082
v 1.15604 -0.31658 0.93825
v 0.94465 -0.36738 0.93810
v 0.78438 -0.50615 0.88988
v 0.71819 -0.69571 0.80651
v 0.76381 -0.88527 0.71032
v 0.90901 -1.02404 0.62710
v 1.11488 -1.07483 0.57913
v 1.32627 -1.02404 0.57928
v 1.48654 -0.88527 0.62750
v 1.55273 -0.69571 0.71087
v 1.50711 -0.50615 0.80706
v 1.36192 -0.36738 0.89028
v 1.15604 -0.31658 0.93825
v 1.15216 -0.37577 1.08202
v 0.94175 -0.42885 1.06869
v 0.78677 -0.57386 1.02158
v 0.72875 -0.77196 0.95332
v 0.78323 -0.97005 0.88220
v 0.93561 -1.11506 0.82728
v 1.14507 -1.16814 0.80327
v 1.35548 -1.11506 0.81660
v 1.51045 -0.97005 0.86371
v 1.56848 -0.77196 0.93197
v 1.51400 -0.57386 1.00308
v 1.36162 -0.42885 1.05801
v 1.15216 -0.37577 1.08202
v 1.13593 -0.42323 1.24191
v 0.92760 -0.47793 1.21237
v 0.77715 -0.62736 1.16440
v 0.72489 -0.83149 1.11087
v 0.78484 -1.03562 1.06611
v 0.94091 -1.18506 1.04211
v 1.15130 -1.23975 1.04532
v 1.35963 -1.18506 1.07486
v 1.51008 -1.03562 1.12283
v 1.56234 -0.83149 1.17636
v 1.50239 -0.62736 1.22112
v 1.34632 -0.47793 1.24512
v 1.13593 -0.42323 1.24191
v 1.10324 -0.45725 1.41648
v 0.89867 -0.51295 1.36836
v 0.75197 -0.66514 1.31752
v 0.70245 -0.87303 1.27758
v 0.76337 -1.08092 1.25924
v 0.91842 -1.23310 1.26741
v 1.12604 -1.28881 1.29991
v 1.33061 -1.23310 1.34803
v 1.47731 -1.08092 1.39887
v 1.52683 -0.87303 1.43881
v 1.46591 -0.66514 1.45715
v 1.31087 -0.51295 1.44898
v 1.10324 -0.45725 1.41648
v 1.04963 -0.47627 1.60290
v 0.85108 -0.53246 1.53444
v 0.70762 -0.68597 1.47858
v 0.65769 -0.89567 1.45027
v 0.71468 -1.10536 1.45711
v 0.86330 -1.25887 1.49727
v 1.06374 -1.31506 1.55998
v 1.26229 -1.25887 1.62844
v 1.40575 -1.10536 1.68431
v 1.45568 -0.89567 1.71261
v 1.39869 -0.68597 1.70577
v 1.25007 -0.53246 1.66561
v 1.04963 -0.47627 1.60290
v 0.97083 -0.47907 1.79695
v 0.78108 -0.53532 1.70698
v 0.64085 -0.68899 1.64383
v 0.58773 -0.89892 1.62444
v 0.63595 -1.10884 1.65400
v 0.77258 -1.26252 1.72458
v 0.96102 -1.31876 1.81728
v 1.15077 -1.26252 1.90726
v 1.29099 -1.10884 1.97040
v 1.34412 -0.89892 1.98979
v 1.29590 -0.68899 1.96024
v 1.15927 -0.53532 1.88965
v 0.97083 -0.47907 1.79695
v 0.86333 -0.46481 1.99312
v 0.68561 -0.52079 1.88112
v 0.54926 -0.67376 1.80847
v 0.49082 -0.88271 1.79464
v 0.52595 -1.09166 1.84335
v 0.64524 -1.24462 1.94153
v 0.81672 -1.30061 2.06288
v 0.99444 -1.24462 2.17488
v 1.13079 -1.09166 2.24753
v 1.18923 -0.88271 2.26135
v 1.15410 -0.67376 2.21265
v 1.03481 -0.52079 2.11447
v 0.86333 -0.46481 1.99312
v 0.72477 -0.43314 2.18484
v 0.56265 -0.48864 2.05104
v 0.43154 -0.64027 1.96687
v 0.36656 -0.84739 1.95488
v 0.38513 -1.05451 2.01829
v 0.48227 -1.20614 2.14011
v 0.63196 -1.26164 2.28769
v 0.79408 -1.20614 2.42149
v 0.92519 -1.05451 2.50566
v 0.99017 -0.84739 2.51765
v 0.97160 -0.64027 2.45424
v 0.87446 -0.48864 2.33242
v 0.72477 -0.43314 2.18484
v 0.55426 -0.38420 2.36485
v 0.41153 -0.43907 2.21030
v 0.28772 -0.58897 2.11299
v 0.21601 -0.79373 2.09899
v 0.21561 -0.99849 2.17205
v 0.28663 -1.14839 2.31260
v 0.41004 -1.20326 2.48297
v 0.55276 -1.14839 2.63752
v 0.67657 -0.99849 2.73483
v 0.74828 -0.79373 2.74883
v 0.74868 -0.58897 2.67577
v 0.67766 -0.43907 2.53522
v 0.55426 -0.38420 2.36485
v 0.35256 -0.31860 2.52555
v 0.23305 -0.37277 2.35220
v 0.11926 -0.52075 2.24075
v 0.04169 -0.72289 2.22106
v 0.02112 -0.92503 2.29841
v 0.06306 -1.07301 2.45206
v 0.15628 -1.12717 2.64085
v 0.27580 -1.07301 2.81420
v 0.38959 -0.92503 2.92565
v 0.46716 -0.72289 2.94534
v 0.48773 -0.52075 2.86799
v 0.44578 -0.37277 2.71434
v 0.35256 -0.31860 2.52555
v 0.12221 -0.23741 2.65945
v 0.02955 -0.29086 2.47018
v -0.07103 -0.43690 2.34440
v -0.15258 -0.63640 2.31580
v -0.19324 -0.83589 2.39205
v -0.18213 -0.98193 2.55272
v -0.12221 -1.03539 2.75476
v -0.02955 -0.98193 2.94403
v 0.07103 -0.83589 3.06981
v 0.15258 -0.63640 3.09841
v 0.19324 -0.43690 3.02216
v 0.18213 -0.29086 2.86149
v 0.12221 -0.23741 2.65945
v -0.13255 -0.14209 2.75959
v -0.19512 -0.19488 2.55818
v -0.27903 -0.33911 2.41881
v -0.36179 -0.53613 2.37883
v -0.42124 -0.73315 2.44893
v -0.44144 -0.87738 2.61035
v -0.41698 -0.93017 2.81983
v -0.35441 -0.87738 3.02124
v -0.27050 -0.73315 3.16061
v -0.18773 -0.53613 3.20059
v -0.12829 -0.33911 3.13048
v -0.10809 -0.19488 2.96906
v -0.13255 -0.14209 2.75959
v -0.40588 -0.03450 2.81989
v -0.43576 -0.08672 2.61097
v -0.49953 -0.22938 2.45982
v -0.58010 -0.42426 2.40693
v -0.65588 -0.61914 2.46647
v -0.70657 -0.76180 2.62250
v -0.71859 -0.81401 2.83320
v -0.68871 -0.76180 3.04212
v -0.62494 -0.61914 3.19328
v -0.54437 -0.42426 3.24617
v -0.46859 -0.22938 3.18662
v -0.41790 -0.08672 3.03059
v -0.40588 -0.03450 2.81989
v -0.69056 0.08319 2.83559
v -0.68603 0.03142 2.62448
v -0.72647 -0.11001 2.46439
v -0.80105 -0.30320 2.39822
v -0.88980 -0.49639 2.44369
v -0.96891 -0.63782 2.58862
v -1.01721 -0.68959 2.79417
v -1.02175 -0.63782 3.00528
v -0.98130 -0.49639 3.16537
v -0.90672 -0.30320 3.23155
v -0.81797 -0.11001 3.18608
v -0.73886 0.03142 3.04115
v -0.69056 0.08319 2.83559
v -0.97826 0.20854 2.80353
v -0.93865 0.15708 2.59605
v -0.95318 0.01648 2.43086
v -1.01795 -0.17558 2.35222
v -1.11562 -0.36764 2.38122
v -1.22000 -0.50824 2.51006
v -1.30314 -0.55970 2.70425
v -1.34275 -0.50824 2.91173
v -1.32822 -0.36764 3.07692
v -1.26344 -0.17558 3.15555
v -1.16578 0.01648 3.12656
v -1.06139 0.15708 2.99771
v -0.97826 0.20854 2.80353
v -1.25994 0.33891 2.72240
v -1.18578 0.28759 2.52458
v -1.17267 0.14738 2.35894
v -1.22413 -0.04416 2.26988
v -1.32636 -0.23570 2.28125
v -1.45197 -0.37591 2.39000
v -1.56730 -0.42723 2.56701
v -1.64146 -0.37591 2.76483
v -1.65457 -0.23570 2.93046
v -1.60312 -0.04416 3.01952
v -1.50089 0.14738 3.00815
v -1.37528 0.28759 2.89940
v -1.25994 0.33891 2.72240
v -1.52630 0.47152 2.59292
v -1.41937 0.42016 2.41073
v -1.37799 0.27987 2.24988
v -1.41327 0.08822 2.15349
v -1.51573 -0.10343 2.14737
v -1.65793 -0.24373 2.23316
v -1.80177 -0.29508 2.38789
v -1.90870 -0.24373 2.57008
v -1.95008 -0.10343 2.73093
v -1.91481 0.08822 2.82732
v -1.81234 0.27987 2.83344
v -1.67014 0.42016 2.74765
v -1.52630 0.47152 2.59292
v -1.76823 0.60347 2.41791
v -1.63151 0.55192 2.25693
v -1.56249 0.41108 2.10638
v -1.57966 0.21868 2.00660
v -1.67842 0.02629 1.98433
v -1.83232 -0.11455 2.04553
v -2.00011 -0.16611 2.17382
v -2.13683 -0.11455 2.33480
v -2.20585 0.02629 2.48535
v -2.18868 0.21868 2.58513
v -2.08991 0.41108 2.60740
v -1.93602 0.55192 2.54620
v -1.76823 0.60347 2.41791
v -1.97734 0.73188 2.20220
v -1.81490 0.67997 2.06735
v -1.72014 0.53815 1.93254
v -1.71846 0.34442 1.83389
v -1.81030 0.15068 1.79783
v -1.97105 0.00886 1.83403
v -2.15765 -0.04305 1.93279
v -2.32009 0.00886 2.06764
v -2.41485 0.15068 2.20245
v -2.41653 0.34442 2.30110
v -2.32469 0.53815 2.33716
v -2.16394 0.67997 2.30096
v -1.97734 0.73188 2.20220
v -2.14643 0.85387 1.95242
v -1.96324 0.80146 1.84772
v -1.84592 0.65828 1.73371
v -1.82589 0.46269 1.64091
v -1.90854 0.26710 1.59421
v -2.07170 0.12392 1.60612
v -2.27168 0.07151 1.67343
v -2.45487 0.12392 1.77812
v -2.57219 0.26710 1.89214
v -2.59222 0.46269 1.98493
v -2.50957 0.65828 2.03163
v -2.34640 0.80146 2.01973
v -2.14643 0.85387 1.95242
v -2.26994 0.96668 1.67669
v -2.07161 0.91367 1.60512
v -1.93600 0.76882 1.51626
v -1.89945 0.57095 1.43392
v -1.97174 0.37309 1.38017
v -2.13351 0.22824 1.36941
v -2.34141 0.17522 1.40451
v -2.53974 0.22824 1.47608
v -2.67535 0.37309 1.56494
v -2.71190 0.57095 1.64728
v -2.63961 0.76882 1.70103
v -2.47784 0.91367 1.71180
v -2.26994 0.96668 1.67669
v -2.34421 1.06770 1.38420
v -2.13675 1.01399 1.34756
v -1.98807 0.86728 1.28728
v -1.93800 0.66686 1.21952
v -1.99996 0.46644 1.16244
v -2.15735 0.31972 1.13133
v -2.36800 0.26601 1.13453
v -2.57546 0.31972 1.17117
v -2.72414 0.46644 1.23145
v -2.77421 0.66686 1.29921
v -2.71225 0.86728 1.35629
v -2.55486 1.01399 1.38740
v -2.34421 1.06770 1.38420
v -2.36776 1.15449 1.08467
v -2.15728 1.10007 1.08358
v -2.00139 0.95141 1.05419
v -1.94187 0.74832 1.00438
v -1.99467 0.54524 0.94750
v -2.14563 0.39657 0.89878
v -2.35432 0.34216 0.87128
v -2.56480 0.39657 0.87237
v -2.72069 0.54524 0.90176
v -2.78021 0.74832 0.95157
v -2.72741 0.95141 1.00845
v -2.57644 1.10007 1.05717
v -2.36776 1.15449 1.08467
v -2.34130 1.22487 0.78782
v -2.13375 1.16977 0.82178
v -1.97692 1.01923 0.82436
v -1.91282 0.81359 0.79487
v -1.95864 0.60795 0.74122
v -2.10209 0.45741 0.67778
v -2.30475 0.40231 0.62154
v -2.51230 0.45741 0.58759
v -2.66913 0.60795 0.58501
v -2.73323 0.81359 0.61449
v -2.68741 1.01923 0.66815
v -2.54396 1.16977 0.73159
v -2.34130 1.22487 0.78782
v -2.26769 1.27694 0.50285
v -2.06865 1.22125 0.57030
v -1.91721 1.06909 0.60466
v -1.85394 0.86125 0.59673
v -1.89580 0.65340 0.54862
v -2.03157 0.50125 0.47324
v -2.22486 0.44555 0.39077
v -2.42390 0.50125 0.32332
v -2.57534 0.65340 0.28896
v -2.63861 0.86125 0.29690
v -2.59676 1.06909 0.34500
v -2.46099 1.22125 0.42039
v -2.26769 1.27694 0.50285
v -2.15171 1.30908 0.23792
v -1.96618 1.25297 0.33639
v -1.82626 1.09967 0.40111
v -1.76944 0.89026 0.41473
v -1.81094 0.68085 0.37360
v -1.93965 0.52755 0.28875
v -2.12108 0.47144 0.18291
v -2.30661 0.52755 0.08444
v -2.44653 0.68085 0.01972
v -2.50335 0.89026 0.00610
v -2.46184 1.09967 0.04723
v -2.33313 1.25297 0.13208
v -2.15171 1.30908 0.23792
v -1.99980 1.32000 -0.00027
v -1.83199 1.26373 0.12599
v -1.70921 1.11000 0.21850
v -1.66434 0.90000 0.25246
v -1.70941 0.69000 0.21877
v -1.83235 0.53627 0.12646
v -2.00020 0.48000 0.00027
v -2.16801 0.53627 -0.12599
v -2.29079 0.69000 -0.21850
v -2.33566 0.90000 -0.25246
v -2.29059 1.11000 -0.21877
v -2.16765 1.26373 -0.12646
v -1.99980 1.32000 -0.00027
v -1.81966 1.30877 -0.20688
v -1.67288 1.25270 -0.05662
v -1.57204 1.09952 0.06013
v -1.54416 0.89026 0.11210
v -1.59672 0.68100 0.08536
v -1.71563 0.52781 -0.01293
v -1.86903 0.47174 -0.15643
v -2.01581 0.52781 -0.30668
v -2.11665 0.68100 -0.42344
v -2.14453 0.89026 -0.47541
v -2.09197 1.09952 -0.44866
v -1.97306 1.25270 -0.35037
v -1.81966 1.30877 -0.20688
v -1.61985 1.27485 -0.37917
v -1.49629 1.21944 -0.20909
v -1.42111 1.06805 -0.07236
v -1.41445 0.86125 -0.00561
v -1.47812 0.65444 -0.02674
v -1.59503 0.50305 -0.13007
v -1.73387 0.44764 -0.28793
v -1.85744 0.50305 -0.45801
v -1.93262 0.65444 -0.59474
v -1.93927 0.86125 -0.66148
v -1.87561 1.06805 -0.64036
v -1.75870 1.21944 -0.53702
v -1.61985 1.27485 -0.37917
v -1.40929 1.21813 -0.51677
v -1.30989 1.16393 -0.33117
v -1.26270 1.01586 -0.17914
v -1.28036 0.81359 -0.10141
v -1.35815 0.61132 -0.11882
v -1.47521 0.46325 -0.22670
v -1.60018 0.40905 -0.39614
v -1.69958 0.46325 -0.58175
v -1.74677 0.61132 -0.73378
v -1.72911 0.81359 -0.81150
v -1.65133 1.01586 -0.79409
v -1.53427 1.16393 -0.68621
v -1.40929 1.21813 -0.51677
v -1.19678 1.13905 -0.62183
v -1.12108 1.08670 -0.42486
v -1.10255 0.94369 -0.26217
v -1.14617 0.74832 -0.17734
v -1.24025 0.55296 -0.19310
v -1.35958 0.40994 -0.30523
v -1.47218 0.35759 -0.48369
v -1.54788 0.40994 -0.68066
v -1.56640 0.55296 -0.84335
v -1.52278 0.74832 -0.92818
v -1.42871 0.94369 -0.91242
v -1.30938 1.08670 -0.80028
v -1.19678 1.13905 -0.62183
v -0.99050 1.03875 -0.69907
v -0.93638 0.98892 -0.49449
v -0.94528 0.85280 -0.32520
v -1.01482 0.66686 -0.23657
v -1.12636 0.48091 -0.25235
v -1.25002 0.34479 -0.36831
v -1.35266 0.29497 -0.55337
v -1.40678 0.34479 -0.75796
v -1.39788 0.48091 -0.92724
v -1.32834 0.66686 -1.01587
v -1.21680 0.85280 -1.00009
v -1.09314 0.98892 -0.88414
v -0.99050 1.03875 -0.69907
v -0.79757 0.91928 -0.75585
v -0.76102 0.87261 -0.54668
v -0.79392 0.74512 -0.37368
v -0.88745 0.57095 -0.28321
v -1.01655 0.39679 -0.29951
v -1.14663 0.26929 -0.41821
v -1.24284 0.22263 -0.60750
v -1.27939 0.26929 -0.81667
v -1.24649 0.39679 -0.98967
v -1.15296 0.57095 -1.08014
v -1.02386 0.74512 -1.06385
v -0.89378 0.87261 -0.94515
v -0.79757 0.91928 -0.75585
v -0.62374 0.78398 -0.80190
v -0.59850 0.74093 -0.59029
v -0.64949 0.62333 -0.41469
v -0.76305 0.46269 -0.32214
v -0.90874 0.30205 -0.33744
v -1.04753 0.18445 -0.45649
v -1.14224 0.14141 -0.64740
v -1.16747 0.18445 -0.85900
v -1.11648 0.30205 -1.03461
v -1.00293 0.46269 -1.12716
v -0.85723 0.62333 -1.11186
v -0.71844 0.74093 -0.99281
v -0.62374 0.78398 -0.80190
v -0.47342 0.63778 -0.84851
v -0.45075 0.59848 -0.63588
v -0.51119 0.49110 -0.45677
v -0.63856 0.34442 -0.35916
v -0.79871 0.19773 -0.36920
v -0.94874 0.09035 -0.48420
v -1.04845 0.05105 -0.67336
v -1.07112 0.09035 -0.88598
v -1.01067 0.19773 -1.06509
v -0.88331 0.34442 -1.16271
v -0.72315 0.49110 -1.15267
v -0.57312 0.59848 -1.03766
v -0.47342 0.63778 -0.84851
v -0.35006 0.48753 -0.90618
v -0.31911 0.45151 -0.69402
v -0.37773 0.35311 -0.50924
v -0.51022 0.21868 -0.40134
v -0.68108 0.08426 -0.39923
v -0.84452 -0.01415 -0.50349
v -0.95675 -0.05017 -0.68617
v -0.98770 -0.01415 -0.89833
v -0.92908 0.08426 -1.08312
v -0.79659 0.21868 -1.19102
v -0.62573 0.35311 -1.19312
v -0.46229 0.45151 -1.08886
v -0.35006 0.48753 -0.90618
v -0.25575 0.34138 -0.97971
v -0.20589 0.30746 -0.77083
v -0.25045 0.21480 -0.57927
v -0.37748 0.08822 -0.45636
v -0.55295 -0.03836 -0.43504
v -0.72984 -0.13103 -0.52101
v -0.86075 -0.16494 -0.69124
v -0.91060 -0.13103 -0.90012
v -0.86604 -0.03836 -1.09168
v -0.73901 0.08822 -1.21458
v -0.56354 0.21480 -1.23591
v -0.38665 0.30746 -1.14994
v -0.25575 0.34138 -0.97971
v -0.18756 0.20671 -1.06347
v -0.11314 0.17310 -0.86198
v -0.13487 0.08127 -0.66612
v -0.24692 -0.04416 -0.52836
v -0.41927 -0.16960 -0.48563
v -0.60575 -0.26142 -0.54937
v -0.75637 -0.29503 -0.70250
v -0.83079 -0.26142 -0.90399
v -0.80906 -0.16960 -1.09985
v -0.69701 -0.04416 -1.23760
v -0.52466 0.08127 -1.28034
v -0.33818 0.17310 -1.21660
v -0.18756 0.20671 -1.06347
v -0.13385 0.08715 -1.14594
v -0.03724 0.05195 -0.95439
v -0.03516 -0.04422 -0.75942
v -0.12816 -0.17558 -0.61327
v -0.29134 -0.30695 -0.55510
v -0.48096 -0.40311 -0.60051
v -0.64622 -0.43831 -0.73732
v -0.74284 -0.40311 -0.92888
v -0.74492 -0.30695 -1.12385
v -0.65191 -0.17558 -1.27000
v -0.48873 -0.04422 -1.32816
v -0.29911 0.05195 -1.28275
v -0.13385 0.08715 -1.14594
v -0.07957 -0.01811 -1.22094
v 0.03158 -0.05631 -1.03804
v 0.05195 -0.16066 -0.84840
v -0.02393 -0.30320 -0.70283
v -0.17573 -0.44574 -0.64034
v -0.36277 -0.55009 -0.67767
v -0.53493 -0.58829 -0.80482
v -0.64609 -0.55009 -0.98772
v -0.66646 -0.44574 -1.17736
v -0.59058 -0.30320 -1.32293
v -0.43878 -0.16066 -1.38541
v -0.25174 -0.05631 -1.34808
v -0.07957 -0.01811 -1.22094
v -0.01475 -0.11178 -1.28999
v 0.10271 -0.15365 -1.11190
v 0.13421 -0.26802 -0.92971
v 0.07130 -0.42426 -0.79224
v -0.06917 -0.58049 -0.73632
v -0.24954 -0.69487 -0.77693
v -0.42150 -0.73673 -0.90320
v -0.53896 -0.69487 -1.08129
v -0.57046 -0.58049 -1.26348
v -0.50755 -0.42426 -1.40096
v -0.36709 -0.26802 -1.45687
v -0.18671 -0.15365 -1.41626
v -0.01475 -0.11178 -1.28999
v 0.06478 -0.19598 -1.35700
v 0.18185 -0.24155 -1.17956
v 0.21876 -0.36606 -1.00519
v 0.16562 -0.53613 -0.88062
v 0.03667 -0.70620 -0.83923
v -0.13353 -0.83070 -0.89209
v -0.29939 -0.87628 -1.02506
v -0.41646 -0.83070 -1.20250
v -0.45337 -0.70620 -1.37687
v -0.40023 -0.53613 -1.50144
v -0.27129 -0.36606 -1.54283
v -0.10108 -0.24155 -1.48996
v 0.06478 -0.19598 -1.35700
v 0.16075 -0.27141 -1.42459
v 0.27230 -0.32031 -1.24450
v 0.31088 -0.45390 -1.07738
v 0.26617 -0.63640 -0.96800
v 0.15014 -0.81889 -0.94568
v -0.00613 -0.95249 -1.01640
v -0.16075 -1.00138 -1.16120
v -0.27230 -0.95249 -1.34129
v -0.31088 -0.81889 -1.50841
v -0.26617 -0.63640 -1.61778
v -0.15014 -0.45390 -1.64010
v 0.00613 -0.32031 -1.56939
v 0.16075 -0.27141 -1.42459
v 0.27452 -0.33751 -1.49321
v 0.37649 -0.38914 -1.30827
v 0.41446 -0.53020 -1.14725
v 0.37826 -0.72289 -1.05330
v 0.27759 -0.91557 -1.05158
v 0.13942 -1.05663 -1.14256
v 0.00077 -1.10826 -1.30187
v -0.10120 -1.05663 -1.48681
v -0.13917 -0.91557 -1.64783
v -0.10297 -0.72289 -1.74178
v -0.00230 -0.53020 -1.74350
v 0.13587 -0.38914 -1.65251
v 0.27452 -0.33751 -1.49321
v 0.40755 -0.39298 -1.56125
v 0.49651 -0.44667 -1.37028
v 0.53235 -0.59335 -1.21387
v 0.50544 -0.79373 -1.13391
v 0.42301 -0.99410 -1.15185
v 0.30715 -1.14079 -1.26286
v 0.18888 -1.19448 -1.43721
v 0.09992 -1.14079 -1.62818
v 0.06408 -0.99410 -1.78460
v 0.09099 -0.79373 -1.86455
v 0.17342 -0.59335 -1.84661
v 0.28929 -0.44667 -1.73560
v 0.40755 -0.39298 -1.56125
v 0.56106 -0.43614 -1.62537
v 0.63396 -0.49124 -1.42810
v 0.66636 -0.64177 -1.27461
v 0.64956 -0.84739 -1.20603
v 0.58807 -1.05301 -1.24074
v 0.49837 -1.20354 -1.36943
v 0.40449 -1.25864 -1.55762
v 0.33159 -1.20354 -1.75490
v 0.29920 -1.05301 -1.90838
v 0.31599 -0.84739 -1.97696
v 0.37748 -0.64177 -1.94226
v 0.46718 -0.49124 -1.81357
v 0.56106 -0.43614 -1.62537
v 0.73558 -0.46533 -1.68091
v 0.78960 -0.52124 -1.47788
v 0.81713 -0.67402 -1.32566
v 0.81078 -0.88271 -1.26505
v 0.77226 -1.09140 -1.31228
v 0.71189 -1.24417 -1.45469
v 0.64584 -1.30009 -1.65413
v 0.59182 -1.24417 -1.85716
v 0.56429 -1.09140 -2.00938
v 0.57064 -0.88271 -2.06999
v 0.60916 -0.67402 -2.02276
v 0.66953 -0.52124 -1.88035
v 0.73558 -0.46533 -1.68091
v 0.93047 -0.47906 -1.72234
v 0.96304 -0.53531 -1.51488
v 0.98398 -0.68899 -1.36253
v 0.98768 -0.89892 -1.30611
v 0.97317 -1.10884 -1.36075
v 0.94431 -1.26252 -1.51180
v 0.90885 -1.31877 -1.71879
v 0.87629 -1.26252 -1.92626
v 0.85535 -1.10884 -2.07861
v 0.85164 -0.89892 -2.13502
v 0.86616 -0.68899 -2.08038
v 0.89502 -0.53531 -1.92933
v 0.93047 -0.47906 -1.72234
v 1.14373 -0.47624 -1.74383
v 1.15253 -0.53243 -1.53399
v 1.16483 -0.68595 -1.38054
v 1.17734 -0.89567 -1.32460
v 1.18670 -1.10538 -1.38115
v 1.19040 -1.25890 -1.53505
v 1.18746 -1.31510 -1.74505
v 1.17866 -1.25890 -1.95488
v 1.16636 -1.10538 -2.10833
v 1.15385 -0.89567 -2.16427
v 1.14450 -0.68595 -2.10772
v 1.14079 -0.53243 -1.95383
v 1.14373 -0.47624 -1.74383
v 1.37183 -0.45619 -1.73966
v 1.35495 -0.51203 -1.53022
v 1.35629 -0.66461 -1.37535
v 1.37548 -0.87303 -1.31654
v 1.40739 -1.08145 -1.36954
v 1.44346 -1.23402 -1.52016
v 1.47403 -1.28987 -1.72804
v 1.49091 -1.23402 -1.93747
v 1.48958 -1.08145 -2.09234
v 1.47038 -0.87303 -2.15116
v 1.43848 -0.66461 -2.09815
v 1.40240 -0.51203 -1.94753
v 1.37183 -0.45619 -1.73966
v 1.60980 -0.41873 -1.70478
v 1.56584 -0.47403 -1.49917
v 1.55375 -0.62511 -1.34330
v 1.57679 -0.83149 -1.27894
v 1.62876 -1.03787 -1.32334
v 1.69576 -1.18896 -1.46459
v 1.75982 -1.24426 -1.66485
v 1.80379 -1.18896 -1.87046
v 1.81587 -1.03787 -2.02632
v 1.79284 -0.83149 -2.09068
v 1.74086 -0.62511 -2.04629
v 1.67386 -0.47403 -1.90504
v 1.60980 -0.41873 -1.70478
v 1.85139 -0.36414 -1.63517
v 1.77960 -0.41878 -1.43736
v 1.75171 -0.56805 -1.28177
v 1.77519 -0.77196 -1.21010
v 1.84375 -0.97586 -1.24154
v 1.93901 -1.12513 -1.36767
v 2.03546 -1.17977 -1.55469
v 2.10725 -1.12513 -1.75250
v 2.13515 -0.97586 -1.90809
v 2.11167 -0.77196 -1.97976
v 2.04311 -0.56805 -1.94832
v 1.94784 -0.41878 -1.82219
v 1.85139 -0.36414 -1.63517
v 2.08934 -0.29321 -1.52820
v 1.98978 -0.34713 -1.34260
v 1.94399 -0.49446 -1.18942
v 1.96422 -0.69571 -1.10971
v 2.04506 -0.89696 -1.12481
v 2.16486 -1.04429 -1.23070
v 2.29150 -1.09821 -1.39898
v 2.39105 -1.04429 -1.58458
v 2.43685 -0.89696 -1.73776
v 2.41662 -0.69571 -1.81748
v 2.33577 -0.49446 -1.80237
v 2.21598 -0.34713 -1.69649
v 2.08934 -0.29321 -1.52820
v 2.31571 -0.20712 -1.38288
v 2.18938 -0.26034 -1.21414
v 2.12411 -0.40576 -1.06628
v 2.13741 -0.60440 -0.97893
v 2.22570 -0.80305 -0.97548
v 2.36533 -0.94846 -1.05687
v 2.51889 -1.00169 -1.20127
v 2.64523 -0.94846 -1.37001
v 2.71049 -0.80305 -1.51787
v 2.69720 -0.60440 -1.60522
v 2.60890 -0.40576 -1.60867
v 2.46927 -0.26034 -1.52728
v 2.31571 -0.20712 -1.38288
v 2.52231 -0.10749 -1.19999
v 2.37120 -0.16008 -1.05280
v 2.28567 -0.30375 -0.91384
v 2.28863 -0.50001 -0.82036
v 2.37930 -0.69628 -0.79741
v 2.53337 -0.83995 -0.85112
v 2.70957 -0.89254 -0.96712
v 2.86068 -0.83995 -1.11431
v 2.94621 -0.69628 -1.25327
v 2.94324 -0.50001 -1.34675
v 2.85258 -0.30375 -1.36971
v 2.69850 -0.16008 -1.31599
v 2.52231 -0.10749 -1.19999
v 2.70104 0.00372 -0.98220
v 2.52822 -0.04833 -0.86100
v 2.42258 -0.19054 -0.73498
v 2.41243 -0.38480 -0.63789
v 2.50048 -0.57906 -0.59576
v 2.66315 -0.72127 -0.61987
v 2.85685 -0.77332 -0.70376
v 3.02967 -0.72127 -0.82496
v 3.13531 -0.57906 -0.95099
v 3.14546 -0.38480 -1.04808
v 3.05741 -0.19054 -1.09021
v 2.89474 -0.04833 -1.06610
v 2.70104 0.00372 -0.98220
v 2.84440 0.12425 -0.73398
v 2.65395 0.07260 -0.64274
v 2.52945 -0.06850 -0.53384
v 2.50428 -0.26126 -0.43648
v 2.58517 -0.45401 -0.37674
v 2.75046 -0.59511 -0.37062
v 2.95584 -0.64676 -0.41976
v 3.14630 -0.59511 -0.51101
v 3.27079 -0.45401 -0.61990
v 3.29597 -0.26126 -0.71726
v 3.21507 -0.06850 -0.77701
v 3.04979 0.07260 -0.78312
v 2.84440 0.12425 -0.73398
v 2.94587 0.25158 -0.46148
v 2.74277 0.20018 -0.40340
v 2.60184 0.05976 -0.31573
v 2.56083 -0.13206 -0.22196
v 2.63075 -0.32387 -0.14723
v 2.79284 -0.46429 -0.11156
v 3.00369 -0.51569 -0.12450
v 3.20680 -0.46429 -0.18258
v 3.34773 -0.32387 -0.27025
v 3.38873 -0.13206 -0.36402
v 3.31882 0.05976 -0.43875
v 3.15672 0.20018 -0.47442
v 2.94587 0.25158 -0.46148
v 3.00030 0.38301 -0.17235
v 2.79026 0.33169 -0.14963
v 2.63642 0.19150 -0.08681
v 2.58000 0.00000 -0.00073
v 2.63612 -0.19150 0.08554
v 2.78974 -0.33169 0.14889
v 2.99970 -0.38301 0.17235
v 3.20974 -0.33169 0.14963
v 3.36358 -0.19150 0.08681
v 3.42000 -0.00000 0.00073
v 3.36388 0.19150 -0.08554
v 3.21026 0.33169 -0.14889
v 3.00030 0.38301 -0.17235
vt 0.00000 0.00000
vt 0.00000 0.16667
vt 0.00000 0.33333
vt 0.00000 0.50000
vt 0.00000 0.66667
vt 0.00000 0.83333
vt 0.00000 1.00000
vt 0.00000 1.16667
vt 0.00000 1.33333
vt 0.00000 1.50000
vt 0.00000 1.66667
vt 0.00000 1.83333
vt 0.00000 2.00000
vt 0.24721 0.00000
vt 0.24721 0.16667
vt 0.24721 0.33333
vt 0.24721 0.50000
vt 0.24721 0.66667
vt 0.24721 0.83333
vt 0.24721 1.00000
vt 0.24721 1.16667
vt 0.24721 1.33333
vt 0.24721 1.50000
vt 0.24721 1.66667
vt 0.24721 1.83333
vt 0.24721 2.00000
vt 0.49315 0.00000
vt 0.49315 0.16667
vt 0.49315 0.33333
vt 0.49315 0.50000
vt 0.49315 0.66667
vt 0.49315 0.83333
vt 0.49315 1.00000
vt 0.49315 1.16667
vt 0.49315 1.33333
vt 0.49315 1.50000
vt 0.49315 1.66667
vt 0.49315 1.83333
vt 0.49315 2.00000
vt 0.73658 0.00000
vt 0.73658 0.16667
vt 0.73658 0.33333
vt 0.73658 0.50000
vt 0.73658 0.66667
vt 0.73658 0.83333
vt 0.73658 1.00000
vt 0.73658 1.16667
vt 0.73658 1.33333
vt 0.73658 1.50000
vt 0.73658 1.66667
vt 0.73658 1.83333
vt 0.73658 2.00000
vt 0.97631 0.00000
vt 0.97631 0.16667
vt 0.97631 0.33333
vt 0.97631 0.50000
vt 0.97631 0.66667
vt 0.97631 0.83333
vt 0.97631 1.00000
vt 0.97631 1.16667
vt 0.97631 1.33333
vt 0.97631 1.50000
vt 0.97631 1.66667
vt 0.97631 1.83333
vt 0.97631 2.00000
vt 1.21122 0.00000
vt 1.21122 0.16667
vt 1.21122 0.33333
vt 1.21122 0.50000
vt 1.21122 0.66667
vt 1.21122 0.83333
vt 1.21122 1.00000
vt 1.21122 1.16667
vt 1.21122 1.33333
vt 1.21122 1.50000
vt 1.21122 1.66667
vt 1.21122 1.83333
vt 1.21122 2.00000
vt 1.44029 0.00000
vt 1.44029 0.16667
vt 1.44029 0.33333
vt 1.44029 0.50000
vt 1.44029 0.66667
vt 1.44029 0.83333
vt 1.44029 1.00000
vt 1.44029 1.16667
vt 1.44029 1.33333
vt 1.44029 1.50000
vt 1.44029 1.66667
vt 1.44029 1.83333
vt 1.44029 2.00000
vt 1.66264 0.00000
vt 1.66264 0.16667
vt 1.66264 0.33333
vt 1.66264 0.50000
vt 1.66264 0.66667
vt 1.66264 0.83333
vt 1.66264 1.00000
vt 1.66264 1.16667
vt 1.66264 1.33333
vt 1.66264 1.50000
vt 1.66264 1.66667
vt 1.66264 1.83333
vt 1.66264 2.00000
vt 1.87751 0.00000
vt 1.87751 0.16667
vt 1.87751 0.33333
vt 1.87751 0.50000
vt 1.87751 0.66667
vt 1.87751 0.83333
vt 1.87751 1.00000
vt 1.87751 1.16667
vt 1.87751 1.33333
vt 1.87751 1.50000
vt 1.87751 1.66667
vt 1.87751 1.83333
vt 1.87751 2.00000
vt 2.08430 0.00000
vt 2.08430 0.16667
vt 2.08430 0.33333
vt 2.08430 0.50000
vt 2.08430 0.66667
vt 2.08430 0.83333
vt 2.08430 1.00000
vt 2.08430 1.16667
vt 2.08430 1.33333
vt 2.08430 1.50000
vt 2.08430 1.66667
vt 2.08430 1.83333
vt 2.08430 2.00000
vt 2.28257 0.00000
vt 2.28257 0.16667
vt 2.28257 0.33333
vt 2.28257 0.50000
vt 2.28257 0.66667
vt 2.28257 0.83333
vt 2.28257 1.00000
vt 2.28257 1.16667
vt 2.28257 1.33333
vt 2.28257 1.50000
vt 2.28257 1.66667
vt 2.28257 1.83333
vt 2.28257 2.00000
vt 2.47207 0.00000
vt 2.47207 0.16667
vt 2.47207 0.33333
vt 2.47207 0.50000
vt 2.47207 0.66667
vt 2.47207 0.83333
vt 2.47207 1.00000
vt 2.47207 1.16667
vt 2.47207 1.33333
vt 2.47207 1.50000
vt 2.47207 1.66667
vt 2.47207 1.83333
vt 2.47207 2.00000
vt 2.65273 0.00000
vt 2.65273 0.16667
vt 2.65273 0.33333
vt 2.65273 0.50000
vt 2.65273 0.66667
vt 2.65273 0.83333
vt 2.65273 1.00000
vt 2.65273 1.16667
vt 2.65273 1.33333
vt 2.65273 1.50000
vt 2.65273 1.66667
vt 2.65273 1.83333
vt 2.65273 2.00000
vt 2.82465 0.00000
vt 2.82465 0.16667
vt 2.82465 0.33333
vt 2.82465 0.50000
vt 2.82465 0.66667
vt 2.82465 0.83333
vt 2.82465 1.00000
vt 2.82465 1.16667
vt 2.82465 1.33333
vt 2.82465 1.50000
vt 2.82465 1.66667
vt 2.82465 1.83333
vt 2.82465 2.00000
vt 2.98815 0.00000
vt 2.98815 0.16667
vt 2.98815 0.33333
vt 2.98815 0.50000
vt 2.98815 0.66667
vt 2.98815 0.83333
vt 2.98815 1.00000
vt 2.98815 1.16667
vt 2.98815 1.33333
vt 2.98815 1.50000
vt 2.98815 1.66667
vt 2.98815 1.83333
vt 2.98815 2.00000
vt 3.14370 0.00000
vt 3.14370 0.16667
vt 3.14370 0.33333
vt 3.14370 0.50000
vt 3.14370 0.66667
vt 3.14370 0.83333
vt 3.14370 1.00000
vt 3.14370 1.16667
vt 3.14370 1.33333
vt 3.14370 1.50000
vt 3.14370 1.66667
vt 3.14370 1.83333
vt 3.14370 2.00000
vt 3.29196 0.00000
vt 3.29196 0.16667
vt 3.29196 0.33333
vt 3.29196 0.50000
vt 3.29196 0.66667
vt 3.29196 0.83333
vt 3.29196 1.00000
vt 3.29196 1.16667
vt 3.29196 1.33333
vt 3.29196 1.50000
vt 3.29196 1.66667
vt 3.29196 1.83333
vt 3.29196 2.00000
vt 3.43376 0.00000
vt 3.43376 0.16667
vt 3.43376 0.33333
vt 3.43376 0.50000
vt 3.43376 0.66667
vt 3.43376 0.83333
vt 3.43376 1.00000
vt 3.43376 1.16667
vt 3.43376 1.33333
vt 3.43376 1.50000
vt 3.43376 1.66667
vt 3.43376 1.83333
vt 3.43376 2.00000
vt 3.57008 0.00000
vt 3.57008 0.16667
vt 3.57008 0.33333
vt 3.57008 0.50000
vt 3.57008 0.66667
vt 3.57008 0.83333
vt 3.57008 1.00000
vt 3.57008 1.16667
vt 3.57008 1.33333
vt 3.57008 1.50000
vt 3.57008 1.66667
vt 3.57008 1.83333
vt 3.57008 2.00000
vt 3.70203 0.00000
vt 3.70203 0.16667
vt 3.70203 0.33333
vt 3.70203 0.50000
vt 3.70203 0.66667
vt 3.70203 0.83333
vt 3.70203 1.00000
vt 3.70203 1.16667
vt 3.70203 1.33333
vt 3.70203 1.50000
vt 3.70203 1.66667
vt 3.70203 1.83333
vt 3.70203 2.00000
vt 3.83085 0.00000
vt 3.83085 0.16667
vt 3.83085 0.33333
vt 3.83085 0.50000
vt 3.83085 0.66667
vt 3.83085 0.83333
vt 3.83085 1.00000
vt 3.83085 1.16667
vt 3.83085 1.33333
vt 3.83085 1.50000
vt 3.83085 1.66667
vt 3.83085 1.83333
vt 3.83085 2.00000
vt 3.95784 0.00000
vt 3.95784 0.16667
vt 3.95784 0.33333
vt 3.95784 0.50000
vt 3.95784 0.66667
vt 3.95784 0.83333
vt 3.95784 1.00000
vt 3.95784 1.16667
vt 3.95784 1.33333
vt 3.95784 1.50000
vt 3.95784 1.66667
vt 3.95784 1.83333
vt 3.95784 2.00000
vt 4.08437 0.00000
vt 4.08437 0.16667
vt 4.08437 0.33333
vt 4.08437 0.50000
vt 4.08437 0.66667
vt 4.08437 0.83333
vt 4.08437 1.00000
vt 4.08437 1.16667
vt 4.08437 1.33333
vt 4.08437 1.50000
vt 4.08437 1.66667
vt 4.08437 1.83333
vt 4.08437 2.00000
vt 4.21182 0.00000
vt 4.21182 0.16667
vt 4.21182 0.33333
vt 4.21182 0.50000
vt 4.21182 0.66667
vt 4.21182 0.83333
vt 4.21182 1.00000
vt 4.21182 1.16667
vt 4.21182 1.33333
vt 4.21182 1.50000
vt 4.21182 1.66667
vt 4.21182 1.83333
vt 4.21182 2.00000
vt 4.34154 0.00000
vt 4.34154 0.16667
vt 4.34154 0.33333
vt 4.34154 0.50000
vt 4.34154 0.66667
vt 4.34154 0.83333
vt 4.34154 1.00000
vt 4.34154 1.16667
vt 4.34154 1.33333
vt 4.34154 1.50000
vt 4.34154 1.66667
vt 4.34154 1.83333
vt 4.34154 2.00000
vt 4.47482 0.00000
vt 4.47482 0.16667
vt 4.47482 0.33333
vt 4.47482 0.50000
vt 4.47482 0.66667
vt 4.47482 0.83333
vt 4.47482 1.00000
vt 4.47482 1.16667
vt 4.47482 1.33333
vt 4.47482 1.50000
vt 4.47482 1.66667
vt 4.47482 1.83333
vt 4.47482 2.00000
vt 4.61284 0.00000
vt 4.61284 0.16667
vt 4.61284 0.33333
vt 4.61284 0.50000
vt 4.61284 0.66667
vt 4.61284 0.83333
vt 4.61284 1.00000
vt 4.61284 1.16667
vt 4.61284 1.33333
vt 4.61284 1.50000
vt 4.61284 1.66667
vt 4.61284 1.83333
vt 4.61284 2.00000
vt 4.75670 0.00000
vt 4.75670 0.16667
vt 4.75670 0.33333
vt 4.75670 0.50000
vt 4.75670 0.66667
vt 4.75670 0.83333
vt 4.75670 1.00000
vt 4.75670 1.16667
vt 4.75670 1.33333
vt 4.75670 1.50000
vt 4.75670 1.66667
vt 4.75670 1.83333
vt 4.75670 2.00000
vt 4.90730 0.00000
vt 4.90730 0.16667
vt 4.90730 0.33333
vt 4.90730 0.50000
vt 4.90730 0.66667
vt 4.90730 0.83333
vt 4.90730 1.00000
vt 4.90730 1.16667
vt 4.90730 1.33333
vt 4.90730 1.50000
vt 4.90730 1.66667
vt 4.90730 1.83333
vt 4.90730 2.00000
vt 5.06544 0.00000
vt 5.06544 0.16667
vt 5.06544 0.33333
vt 5.06544 0.50000
vt 5.06544 0.66667
vt 5.06544 0.83333
vt 5.06544 1.00000
vt 5.06544 1.16667
vt 5.06544 1.33333
vt 5.06544 1.50000
vt 5.06544 1.66667
vt 5.06544 1.83333
vt 5.06544 2.00000
vt 5.23170 0.00000
vt 5.23170 0.16667
vt 5.23170 0.33333
vt 5.23170 0.50000
vt 5.23170 0.66667
vt 5.23170 0.83333
vt 5.23170 1.00000
vt 5.23170 1.16667
vt 5.23170 1.33333
vt 5.23170 1.50000
vt 5.23170 1.66667
vt 5.23170 1.83333
vt 5.23170 2.00000
vt 5.40651 0.00000
vt 5.40651 0.16667
vt 5.40651 0.33333
vt 5.40651 0.50000
vt 5.40651 0.66667
vt 5.40651 0.83333
vt 5.40651 1.00000
vt 5.40651 1.16667
vt 5.40651 1.33333
vt 5.40651 1.50000
vt 5.40651 1.66667
vt 5.40651 1.83333
vt 5.40651 2.00000
vt 5.59012 0.00000
vt 5.59012 0.16667
vt 5.59012 0.33333
vt 5.59012 0.50000
vt 5.59012 0.66667
vt 5.59012 0.83333
vt 5.59012 1.00000
vt 5.59012 1.16667
vt 5.59012 1.33333
vt 5.59012 1.50000
vt 5.59012 1.66667
vt 5.59012 1.83333
vt 5.59012 2.00000
vt 5.78256 0.00000
vt 5.78256 0.16667
vt 5.78256 0.33333
vt 5.78256 0.50000
vt 5.78256 0.66667
vt 5.78256 0.83333
vt 5.78256 1.00000
vt 5.78256 1.16667
vt 5.78256 1.33333
vt 5.78256 1.50000
vt 5.78256 1.66667
vt 5.78256 1.83333
vt 5.78256 2.00000
vt 5.98370 0.00000
vt 5.98370 0.16667
vt 5.98370 0.33333
vt 5.98370 0.50000
vt 5.98370 0.66667
vt 5.98370 0.83333
vt 5.98370 1.00000
vt 5.98370 1.16667
vt 5.98370 1.33333
vt 5.98370 1.50000
vt 5.98370 1.66667
vt 5.98370 1.83333
vt 5.98370 2.00000
vt 6.19324 0.00000
vt 6.19324 0.16667
vt 6.19324 0.33333
vt 6.19324 0.50000
vt 6.19324 0.66667
vt 6.19324 0.83333
vt 6.19324 1.00000
vt 6.19324 1.16667
vt 6.19324 1.33333
vt 6.19324 1.50000
vt 6.19324 1.66667
vt 6.19324 1.83333
vt 6.19324 2.00000
vt 6.41068 0.00000
vt 6.41068 0.16667
vt 6.41068 0.33333
vt 6.41068 0.50000
vt 6.41068 0.66667
vt 6.41068 0.83333
vt 6.41068 1.00000
vt 6.41068 1.16667
vt 6.41068 1.33333
vt 6.41068 1.50000
vt 6.41068 1.66667
vt 6.41068 1.83333
vt 6.41068 2.00000
vt 6.63536 0.00000
vt 6.63536 0.16667
vt 6.63536 0.33333
vt 6.63536 0.50000
vt 6.63536 0.66667
vt 6.63536 0.83333
vt 6.63536 1.00000
vt 6.63536 1.16667
vt 6.63536 1.33333
vt 6.63536 1.50000
vt 6.63536 1.66667
vt 6.63536 1.83333
vt 6.63536 2.00000
vt 6.86649 0.00000
vt 6.86649 0.16667
vt 6.86649 0.33333
vt 6.86649 0.50000
vt 6.86649 0.66667
vt 6.86649 0.83333
vt 6.86649 1.00000
vt 6.86649 1.16667
vt 6.86649 1.33333
vt 6.86649 1.50000
vt 6.86649 1.66667
vt 6.86649 1.83333
vt 6.86649 2.00000
vt 7.10312 0.00000
vt 7.10312 0.16667
vt 7.10312 0.33333
vt 7.10312 0.50000
vt 7.10312 0.66667
vt 7.10312 0.83333
vt 7.10312 1.00000
vt 7.10312 1.16667
vt 7.10312 1.33333
vt 7.10312 1.50000
vt 7.10312 1.66667
vt 7.10312 1.83333
vt 7.10312 2.00000
vt 7.34421 0.00000
vt 7.34421 0.16667
vt 7.34421 0.33333
vt 7.34421 0.50000
vt 7.34421 0.66667
vt 7.34421 0.83333
vt 7.34421 1.00000
vt 7.34421 1.16667
vt 7.34421 1.33333
vt 7.34421 1.50000
vt 7.34421 1.66667
vt 7.34421 1.83333
vt 7.34421 2.00000
vt 7.58861 0.00000
vt 7.58861 0.16667
vt 7.58861 0.33333
vt 7.58861 0.50000
vt 7.58861 0.66667
vt 7.58861 0.83333
vt 7.58861 1.00000
vt 7.58861 1.16667
vt 7.58861 1.33333
vt 7.58861 1.50000
vt 7.58861 1.66667
vt 7.58861 1.83333
vt 7.58861 2.00000
vt 7.83511 0.00000
vt 7.83511 0.16667
vt 7.83511 0.33333
vt 7.83511 0.50000
vt 7.83511 0.66667
vt 7.83511 0.83333
vt 7.83511 1.00000
vt 7.83511 1.16667
vt 7.83511 1.33333
vt 7.83511 1.50000
vt 7.83511 1.66667
vt 7.83511 1.83333
vt 7.83511 2.00000
vt 8.08247 0.00000
vt 8.08247 0.16667
vt 8.08247 0.33333
vt 8.08247 0.50000
vt 8.08247 0.66667
vt 8.08247 0.83333
vt 8.08247 1.00000
vt 8.08247 1.16667
vt 8.08247 1.33333
vt 8.08247 1.50000
vt 8.08247 1.66667
vt 8.08247 1.83333
vt 8.08247 2.00000
vt 8.32939 0.00000
vt 8.32939 0.16667
vt 8.32939 0.33333
vt 8.32939 0.50000
vt 8.32939 0.66667
vt 8.32939 0.83333
vt 8.32939 1.00000
vt 8.32939 1.16667
vt 8.32939 1.33333
vt 8.32939 1.50000
vt 8.32939 1.66667
vt 8.32939 1.83333
vt 8.32939 2.00000
vt 8.57464 0.00000
vt 8.57464 0.16667
vt 8.57464 0.33333
vt 8.57464 0.50000
vt 8.57464 0.66667
vt 8.57464 0.83333
vt 8.57464 1.00000
vt 8.57464 1.16667
vt 8.57464 1.33333
vt 8.57464 1.50000
vt 8.57464 1.66667
vt 8.57464 1.83333
vt 8.57464 2.00000
vt 8.81696 0.00000
vt 8.81696 0.16667
vt 8.81696 0.33333
vt 8.81696 0.50000
vt 8.81696 0.66667
vt 8.81696 0.83333
vt 8.81696 1.00000
vt 8.81696 1.16667
vt 8.81696 1.33333
vt 8.81696 1.50000
vt 8.81696 1.66667
vt 8.81696 1.83333
vt 8.81696 2.00000
vt 9.05520 0.00000
vt 9.05520 0.16667
vt 9.05520 0.33333
vt 9.05520 0.50000
vt 9.05520 0.66667
vt 9.05520 0.83333
vt 9.05520 1.00000
vt 9.05520 1.16667
vt 9.05520 1.33333
vt 9.05520 1.50000
vt 9.05520 1.66667
vt 9.05520 1.83333
vt 9.05520 2.00000
vt 9.28827 0.00000
vt 9.28827 0.16667
vt 9.28827 0.33333
vt 9.28827 0.50000
vt 9.28827 0.66667
vt 9.28827 0.83333
vt 9.28827 1.00000
vt 9.28827 1.16667
vt 9.28827 1.33333
vt 9.28827 1.50000
vt 9.28827 1.66667
vt 9.28827 1.83333
vt 9.28827 2.00000
vt 9.51520 0.00000
vt 9.51520 0.16667
vt 9.51520 0.33333
vt 9.51520 0.50000
vt 9.51520 0.66667
vt 9.51520 0.83333
vt 9.51520 1.00000
vt 9.51520 1.16667
vt 9.51520 1.33333
vt 9.51520 1.50000
vt 9.51520 1.66667
vt 9.51520 1.83333
vt 9.51520 2.00000
vt 9.73513 0.00000
vt 9.73513 0.16667
vt 9.73513 0.33333
vt 9.73513 0.50000
vt 9.73513 0.66667
vt 9.73513 0.83333
vt 9.73513 1.00000
vt 9.73513 1.16667
vt 9.73513 1.33333
vt 9.73513 1.50000
vt 9.73513 1.66667
vt 9.73513 1.83333
vt 9.73513 2.00000
vt 9.94736 0.00000
vt 9.94736 0.16667
vt 9.94736 0.33333
vt 9.94736 0.50000
vt 9.94736 0.66667
vt 9.94736 0.83333
vt 9.94736 1.00000
vt 9.94736 1.16667
vt 9.94736 1.33333
vt 9.94736 1.50000
vt 9.94736 1.66667
vt 9.94736 1.83333
vt 9.94736 2.00000
vt 10.15135 0.00000
vt 10.15135 0.16667
vt 10.15135 0.33333
vt 10.15135 0.50000
vt 10.15135 0.66667
vt 10.15135 0.83333
vt 10.15135 1.00000
vt 10.15135 1.16667
vt 10.15135 1.33333
vt 10.15135 1.50000
vt 10.15135 1.66667
vt 10.15135 1.83333
vt 10.15135 2.00000
vt 10.34672 0.00000
vt 10.34672 0.16667
vt 10.34672 0.33333
vt 10.34672 0.50000
vt 10.34672 0.66667
vt 10.34672 0.83333
vt 10.34672 1.00000
vt 10.34672 1.16667
vt 10.34672 1.33333
vt 10.34672 1.50000
vt 10.34672 1.66667
vt 10.34672 1.83333
vt 10.34672 2.00000
vt 10.53327 0.00000
vt 10.53327 0.16667
vt 10.53327 0.33333
vt 10.53327 0.50000
vt 10.53327 0.66667
vt 10.53327 0.83333
vt 10.53327 1.00000
vt 10.53327 1.16667
vt 10.53327 1.33333
vt 10.53327 1.50000
vt 10.53327 1.66667
vt 10.53327 1.83333
vt 10.53327 2.00000
vt 10.71099 0.00000
vt 10.71099 0.16667
vt 10.71099 0.33333
vt 10.71099 0.50000
vt 10.71099 0.66667
vt 10.71099 0.83333
vt 10.71099 1.00000
vt 10.71099 1.16667
vt 10.71099 1.33333
vt 10.71099 1.50000
vt 10.71099 1.66667
vt 10.71099 1.83333
vt 10.71099 2.00000
vt 10.88007 0.00000
vt 10.88007 0.16667
vt 10.88007 0.33333
vt 10.88007 0.50000
vt 10.88007 0.66667
vt 10.88007 0.83333
vt 10.88007 1.00000
vt 10.88007 1.16667
vt 10.88007 1.33333
vt 10.88007 1.50000
vt 10.88007 1.66667
vt 10.88007 1.83333
vt 10.88007 2.00000
vt 11.04086 0.00000
vt 11.04086 0.16667
vt 11.04086 0.33333
vt 11.04086 0.50000
vt 11.04086 0.66667
vt 11.04086 0.83333
vt 11.04086 1.00000
vt 11.04086 1.16667
vt 11.04086 1.33333
vt 11.04086 1.50000
vt 11.04086 1.66667
vt 11.04086 1.83333
vt 11.04086 2.00000
vt 11.19389 0.00000
vt 11.19389 0.16667
vt 11.19389 0.33333
vt 11.19389 0.50000
vt 11.19389 0.66667
vt 11.19389 0.83333
vt 11.19389 1.00000
vt 11.19389 1.16667
vt 11.19389 1.33333
vt 11.19389 1.50000
vt 11.19389 1.66667
vt 11.19389 1.83333
vt 11.19389 2.00000
vt 11.33990 0.00000
vt 11.33990 0.16667
vt 11.33990 0.33333
vt 11.33990 0.50000
vt 11.33990 0.66667
vt 11.33990 0.83333
vt 11.33990 1.00000
vt 11.33990 1.16667
vt 11.33990 1.33333
vt 11.33990 1.50000
vt 11.33990 1.66667
vt 11.33990 1.83333
vt 11.33990 2.00000
vt 11.47976 0.00000
vt 11.47976 0.16667
vt 11.47976 0.33333
vt 11.47976 0.50000
vt 11.47976 0.66667
vt 11.47976 0.83333
vt 11.47976 1.00000
vt 11.47976 1.16667
vt 11.47976 1.33333
vt 11.47976 1.50000
vt 11.47976 1.66667
vt 11.47976 1.83333
vt 11.47976 2.00000
vt 11.61449 0.00000
vt 11.61449 0.16667
vt 11.61449 0.33333
vt 11.61449 0.50000
vt 11.61449 0.66667
vt 11.61449 0.83333
vt 11.61449 1.00000
vt 11.61449 1.16667
vt 11.61449 1.33333
vt 11.61449 1.50000
vt 11.61449 1.66667
vt 11.61449 1.83333
vt 11.61449 2.00000
vt 11.74525 0.00000
vt 11.74525 0.16667
vt 11.74525 0.33333
vt 11.74525 0.50000
vt 11.74525 0.66667
vt 11.74525 0.83333
vt 11.74525 1.00000
vt 11.74525 1.16667
vt 11.74525 1.33333
vt 11.74525 1.50000
vt 11.74525 1.66667
vt 11.74525 1.83333
vt 11.74525 2.00000
vt 11.87331 0.00000
vt 11.87331 0.16667
vt 11.87331 0.33333
vt 11.87331 0.50000
vt 11.87331 0.66667
vt 11.87331 0.83333
vt 11.87331 1.00000
vt 11.87331 1.16667
vt 11.87331 1.33333
vt 11.87331 1.50000
vt 11.87331 1.66667
vt 11.87331 1.83333
vt 11.87331 2.00000
vt 12.00000 0.00000
vt 12.00000 0.16667
vt 12.00000 0.33333
vt 12.00000 0.50000
vt 12.00000 0.66667
vt 12.00000 0.83333
vt 12.00000 1.00000
vt 12.00000 1.16667
vt 12.00000 1.33333
vt 12.00000 1.50000
vt 12.00000 1.66667
vt 12.00000 1.83333
vt 12.00000 2.00000
vt 12.12669 0.00000
vt 12.12669 0.16667
vt 12.12669 0.33333
vt 12.12669 0.50000
vt 12.12669 0.66667
vt 12.12669 0.83333
vt 12.12669 1.00000
vt 12.12669 1.16667
vt 12.12669 1.33333
vt 12.12669 1.50000
vt 12.12669 1.66667
vt 12.12669 1.83333
vt 12.12669 2.00000
vt 12.25475 0.00000
vt 12.25475 0.16667
vt 12.25475 0.33333
vt 12.25475 0.50000
vt 12.25475 0.66667
vt 12.25475 0.83333
vt 12.25475 1.00000
vt 12.25475 1.16667
vt 12.25475 1.33333
vt 12.25475 1.50000
vt 12.25475 1.66667
vt 12.25475 1.83333
vt 12.25475 2.00000
vt 12.38551 0.00000
vt 12.38551 0.16667
vt 12.38551 0.33333
vt 12.38551 0.50000
vt 12.38551 0.66667
vt 12.38551 0.83333
vt 12.38551 1.00000
vt 12.38551 1.16667
vt 12.38551 1.33333
vt 12.38551 1.50000
vt 12.38551 1.66667
vt 12.38551 1.83333
vt 12.38551 2.00000
vt 12.52024 0.00000
vt 12.52024 0.16667
vt 12.52024 0.33333
vt 12.52024 0.50000
vt 12.52024 0.66667
vt 12.52024 0.83333
vt 12.52024 1.00000
vt 12.52024 1.16667
vt 12.52024 1.33333
vt 12.52024 1.50000
vt 12.52024 1.66667
vt 12.52024 1.83333
vt 12.52024 2.00000
vt 12.66010 0.00000
vt 12.66010 0.16667
vt 12.66010 0.33333
vt 12.66010 0.50000
vt 12.66010 0.66667
vt 12.66010 0.83333
vt 12.66010 1.00000
vt 12.66010 1.16667
vt 12.66010 1.33333
vt 12.66010 1.50000
vt 12.66010 1.66667
vt 12.66010 1.83333
vt 12.66010 2.00000
vt 12.80611 0.00000
vt 12.80611 0.16667
vt 12.80611 0.33333
vt 12.80611 0.50000
vt 12.80611 0.66667
vt 12.80611 0.83333
vt 12.80611 1.00000
vt 12.80611 1.16667
vt 12.80611 1.33333
vt 12.80611 1.50000
vt 12.80611 1.66667
vt 12.80611 1.83333
vt 12.80611 2.00000
vt 12.95914 0.00000
vt 12.95914 0.16667
vt 12.95914 0.33333
vt 12.95914 0.50000
vt 12.95914 0.66667
vt 12.95914 0.83333
vt 12.95914 1.00000
vt 12.95914 1.16667
vt 12.95914 1.33333
vt 12.95914 1.50000
vt 12.95914 1.66667
vt 12.95914 1.83333
vt 12.95914 2.00000
vt 13.11993 0.00000
vt 13.11993 0.16667
vt 13.11993 0.33333
vt 13.11993 0.50000
vt 13.11993 0.66667
vt 13.11993 0.83333
vt 13.11993 1.00000
vt 13.11993 1.16667
vt 13.11993 1.33333
vt 13.11993 1.50000
vt 13.11993 1.66667
vt 13.11993 1.83333
vt 13.11993 2.00000
vt 13.28901 0.00000
vt 13.28901 0.16667
vt 13.28901 0.33333
vt 13.28901 0.50000
vt 13.28901 0.66667
vt 13.28901 0.83333
vt 13.28901 1.00000
vt 13.28901 1.16667
vt 13.28901 1.33333
vt 13.28901 1.50000
vt 13.28901 1.66667
vt 13.28901 1.83333
vt 13.28901 2.00000
vt 13.46673 0.00000
vt 13.46673 0.16667
vt 13.46673 0.33333
vt 13.46673 0.50000
vt 13.46673 0.66667
vt 13.46673 0.83333
vt 13.46673 1.00000
vt 13.46673 1.16667
vt 13.46673 1.33333
vt 13.46673 1.50000
vt 13.46673 1.66667
vt 13.46673 1.83333
vt 13.46673 2.00000
vt 13.65328 0.00000
vt 13.65328 0.16667
vt 13.65328 0.33333
vt 13.65328 0.50000
vt 13.65328 0.66667
vt 13.65328 0.83333
vt 13.65328 1.00000
vt 13.65328 1.16667
vt 13.65328 1.33333
vt 13.65328 1.50000
vt 13.65328 1.66667
vt 13.65328 1.83333
vt 13.65328 2.00000
vt 13.84865 0.00000
vt 13.84865 0.16667
vt 13.84865 0.33333
vt 13.84865 0.50000
vt 13.84865 0.66667
vt 13.84865 0.83333
vt 13.84865 1.00000
vt 13.84865 1.16667
vt 13.84865 1.33333
vt 13.84865 1.50000
vt 13.84865 1.66667
vt 13.84865 1.83333
vt 13.84865 2.00000
vt 14.05264 0.00000
vt 14.05264 0.16667
vt 14.05264 0.33333
vt 14.05264 0.50000
vt 14.05264 0.66667
vt 14.05264 0.83333
vt 14.05264 1.00000
vt 14.05264 1.16667
vt 14.05264 1.33333
vt 14.05264 1.50000
vt 14.05264 1.66667
vt 14.05264 1.83333
vt 14.05264 2.00000
vt 14.26487 0.00000
vt 14.26487 0.16667
vt 14.26487 0.33333
vt 14.26487 0.50000
vt 14.26487 0.66667
vt 14.26487 0.83333
vt 14.26487 1.00000
vt 14.26487 1.16667
vt 14.26487 1.33333
vt 14.26487 1.50000
vt 14.26487 1.66667
vt 14.26487 1.83333
vt 14.26487 2.00000
vt 14.48480 0.00000
vt 14.48480 0.16667
vt 14.48480 0.33333
vt 14.48480 0.50000
vt 14.48480 0.66667
vt 14.48480 0.83333
vt 14.48480 1.00000
vt 14.48480 1.16667
vt 14.48480 1.33333
vt 14.48480 1.50000
vt 14.48480 1.66667
vt 14.48480 1.83333
vt 14.48480 2.00000
vt 14.71173 0.00000
vt 14.71173 0.16667
vt 14.71173 0.33333
vt 14.71173 0.50000
vt 14.71173 0.66667
vt 14.71173 0.83333
vt 14.71173 1.00000
vt 14.71173 1.16667
vt 14.71173 1.33333
vt 14.71173 1.50000
vt 14.71173 1.66667
vt 14.71173 1.83333
vt 14.71173 2.00000
vt 14.94480 0.00000
vt 14.94480 0.16667
vt 14.94480 0.33333
vt 14.94480 0.50000
vt 14.94480 0.66667
vt 14.94480 0.83333
vt 14.94480 1.00000
vt 14.94480 1.16667
vt 14.94480 1.33333
vt 14.94480 1.50000
vt 14.94480 1.66667
vt 14.94480 1.83333
vt 14.94480 2.00000
vt 15.18304 0.00000
vt 15.18304 0.16667
vt 15.18304 0.33333
vt 15.18304 0.50000
vt 15.18304 0.66667
vt 15.18304 0.83333
vt 15.18304 1.00000
vt 15.18304 1.16667
vt 15.18304 1.33333
vt 15.18304 1.50000
vt 15.18304 1.66667
vt 15.18304 1.83333
vt 15.18304 2.00000
vt 15.42536 0.00000
vt 15.42536 0.16667
vt 15.42536 0.33333
vt 15.42536 0.50000
vt 15.42536 0.66667
vt 15.42536 0.83333
vt 15.42536 1.00000
vt 15.42536 1.16667
vt 15.42536 1.33333
vt 15.42536 1.50000
vt 15.42536 1.66667
vt 15.42536 1.83333
vt 15.42536 2.00000
vt 15.67061 0.00000
vt 15.67061 0.16667
vt 15.67061 0.33333
vt 15.67061 0.50000
vt 15.67061 0.66667
vt 15.67061 0.83333
vt 15.67061 1.00000
vt 15.67061 1.16667
vt 15.67061 1.33333
vt 15.67061 1.50000
vt 15.67061 1.66667
vt 15.67061 1.83333
vt 15.67061 2.00000
vt 15.91753 0.00000
vt 15.91753 0.16667
vt 15.91753 0.33333
vt 15.91753 0.50000
vt 15.91753 0.66667
vt 15.91753 0.83333
vt 15.91753 1.00000
vt 15.91753 1.16667
vt 15.91753 1.33333
vt 15.91753 1.50000
vt 15.91753 1.66667
vt 15.91753 1.83333
vt 15.91753 2.00000
vt 16.16489 0.00000
vt 16.16489 0.16667
vt 16.16489 0.33333
vt 16.16489 0.50000
vt 16.16489 0.66667
vt 16.16489 0.83333
vt 16.16489 1.00000
vt 16.16489 1.16667
vt 16.16489 1.33333
vt 16.16489 1.50000
vt 16.16489 1.66667
vt 16.16489 1.83333
vt 16.16489 2.00000
vt 16.41139 0.00000
vt 16.41139 0.16667
vt 16.41139 0.33333
vt 16.41139 0.50000
vt 16.41139 0.66667
vt 16.41139 0.83333
vt 16.41139 1.00000
vt 16.41139 1.16667
vt 16.41139 1.33333
vt 16.41139 1.50000
vt 16.41139 1.66667
vt 16.41139 1.83333
vt 16.41139 2.00000
vt 16.65579 0.00000
vt 16.65579 0.16667
vt 16.65579 0.33333
vt 16.65579 0.50000
vt 16.65579 0.66667
vt 16.65579 0.83333
vt 16.65579 1.00000
vt 16.65579 1.16667
vt 16.65579 1.33333
vt 16.65579 1.50000
vt 16.65579 1.66667
vt 16.65579 1.83333
vt 16.65579 2.00000
vt 16.89688 0.00000
vt 16.89688 0.16667
vt 16.89688 0.33333
vt 16.89688 0.50000
vt 16.89688 0.66667
vt 16.89688 0.83333
vt 16.89688 1.00000
vt 16.89688 1.16667
vt 16.89688 1.33333
vt 16.89688 1.50000
vt 16.89688 1.66667
vt 16.89688 1.83333
vt 16.89688 2.00000
vt 17.13351 0.00000
vt 17.13351 0.16667
vt 17.13351 0.33333
vt 17.13351 0.50000
vt 17.13351 0.66667
vt 17.13351 0.83333
vt 17.13351 1.00000
vt 17.13351 1.16667
vt 17.13351 1.33333
vt 17.13351 1.50000
vt 17.13351 1.66667
vt 17.13351 1.83333
vt 17.13351 2.00000
vt 17.36464 0.00000
vt 17.36464 0.16667
vt 17.36464 0.33333
vt 17.36464 0.50000
vt 17.36464 0.66667
vt 17.36464 0.83333
vt 17.36464 1.00000
vt 17.36464 1.16667
vt 17.36464 1.33333
vt 17.36464 1.50000
vt 17.36464 1.66667
vt 17.36464 1.83333
vt 17.36464 2.00000
vt 17.58932 0.00000
vt 17.58932 0.16667
vt 17.58932 0.33333
vt 17.58932 0.50000
vt 17.58932 0.66667
vt 17.58932 0.83333
vt 17.58932 1.00000
vt 17.58932 1.16667
vt 17.58932 1.33333
vt 17.58932 1.50000
vt 17.58932 1.66667
vt 17.58932 1.83333
vt 17.58932 2.00000
vt 17.80676 0.00000
vt 17.80676 0.16667
vt 17.80676 0.33333
vt 17.80676 0.50000
vt 17.80676 0.66667
vt 17.80676 0.83333
vt 17.80676 1.00000
vt 17.80676 1.16667
vt 17.80676 1.33333
vt 17.80676 1.50000
vt 17.80676 1.66667
vt 17.80676 1.83333
vt 17.80676 2.00000
vt 18.01630 0.00000
vt 18.01630 0.16667
vt 18.01630 0.33333
vt 18.01630 0.50000
vt 18.01630 0.66667
vt 18.01630 0.83333
vt 18.01630 1.00000
vt 18.01630 1.16667
vt 18.01630 1.33333
vt 18.01630 1.50000
vt 18.01630 1.66667
vt 18.01630 1.83333
vt 18.01630 2.00000
vt 18.21744 0.00000
vt 18.21744 0.16667
vt 18.21744 0.33333
vt 18.21744 0.50000
vt 18.21744 0.66667
vt 18.21744 0.83333
vt 18.21744 1.00000
vt 18.21744 1.16667
vt 18.21744 1.33333
vt 18.21744 1.50000
vt 18.21744 1.66667
vt 18.21744 1.83333
vt 18.21744 2.00000
vt 18.40988 0.00000
vt 18.40988 0.16667
vt 18.40988 0.33333
vt 18.40988 0.50000
vt 18.40988 0.66667
vt 18.40988 0.83333
vt 18.40988 1.00000
vt 18.40988 1.16667
vt 18.40988 1.33333
vt 18.40988 1.50000
vt 18.40988 1.66667
vt 18.40988 1.83333
vt 18.40988 2.00000
vt 18.59349 0.00000
vt 18.59349 0.16667
vt 18.59349 0.33333
vt 18.59349 0.50000
vt 18.59349 0.66667
vt 18.59349 0.83333
vt 18.59349 1.00000
vt 18.59349 1.16667
vt 18.59349 1.33333
vt 18.59349 1.50000
vt 18.59349 1.66667
vt 18.59349 1.83333
vt 18.59349 2.00000
vt 18.76830 0.00000
vt 18.76830 0.16667
vt 18.76830 0.33333
vt 18.76830 0.50000
vt 18.76830 0.66667
vt 18.76830 0.83333
vt 18.76830 1.00000
vt 18.76830 1.16667
vt 18.76830 1.33333
vt 18.76830 1.50000
vt 18.76830 1.66667
vt 18.76830 1.83333
vt 18.76830 2.00000
vt 18.93456 0.00000
vt 18.93456 0.16667
vt 18.93456 0.33333
vt 18.93456 0.50000
vt 18.93456 0.66667
vt 18.93456 0.83333
vt 18.93456 1.00000
vt 18.93456 1.16667
vt 18.93456 1.33333
vt 18.93456 1.50000
vt 18.93456 1.66667
vt 18.93456 1.83333
vt 18.93456 2.00000
vt 19.09270 0.00000
vt 19.09270 0.16667
vt 19.09270 0.33333
vt 19.09270 0.50000
vt 19.09270 0.66667
vt 19.09270 0.83333
vt 19.09270 1.00000
vt 19.09270 1.16667
vt 19.09270 1.33333
vt 19.09270 1.50000
vt 19.09270 1.66667
vt 19.09270 1.83333
vt 19.09270 2.00000
vt 19.24330 0.00000
vt 19.24330 0.16667
vt 19.24330 0.33333
vt 19.24330 0.50000
vt 19.24330 0.66667
vt 19.24330 0.83333
vt 19.24330 1.00000
vt 19.24330 1.16667
vt 19.24330 1.33333
vt 19.24330 1.50000
vt 19.24330 1.66667
vt 19.24330 1.83333
vt 19.24330 2.00000
vt 19.38716 0.00000
vt 19.38716 0.16667
vt 19.38716 0.33333
vt 19.38716 0.50000
vt 19.38716 0.66667
vt 19.38716 0.83333
vt 19.38716 1.00000
vt 19.38716 1.16667
vt 19.38716 1.33333
vt 19.38716 1.50000
vt 19.38716 1.66667
vt 19.38716 1.83333
vt 19.38716 2.00000
vt 19.52518 0.00000
vt 19.52518 0.16667
vt 19.52518 0.33333
vt 19.52518 0.50000
vt 19.52518 0.66667
vt 19.52518 0.83333
vt 19.52518 1.00000
vt 19.52518 1.16667
vt 19.52518 1.33333
vt 19.52518 1.50000
vt 19.52518 1.66667
vt 19.52518 1.83333
vt 19.52518 2.00000
vt 19.65846 0.00000
vt 19.65846 0.16667
vt 19.65846 0.33333
vt 19.65846 0.50000
vt 19.65846 0.66667
vt 19.65846 0.83333
vt 19.65846 1.00000
vt 19.65846 1.16667
vt 19.65846 1.33333
vt 19.65846 1.50000
vt 19.65846 1.66667
vt 19.65846 1.83333
vt 19.65846 2.00000
vt 19.78818 0.00000
vt 19.78818 0.16667
vt 19.78818 0.33333
vt 19.78818 0.50000
vt 19.78818 0.66667
vt 19.78818 0.83333
vt 19.78818 1.00000
vt 19.78818 1.16667
vt 19.78818 1.33333
vt 19.78818 1.50000
vt 19.78818 1.66667
vt 19.78818 1.83333
vt 19.78818 2.00000
vt 19.91563 0.00000
vt 19.91563 0.16667
vt 19.91563 0.33333
vt 19.91563 0.50000
vt 19.91563 0.66667
vt 19.91563 0.83333
vt 19.91563 1.00000
vt 19.91563 1.16667
vt 19.91563 1.33333
vt 19.91563 1.50000
vt 19.91563 1.66667
vt 19.91563 1.83333
vt 19.91563 2.00000
vt 20.04216 0.00000
vt 20.04216 0.16667
vt 20.04216 0.33333
vt 20.04216 0.50000
vt 20.04216 0.66667
vt 20.04216 0.83333
vt 20.04216 1.00000
vt 20.04216 1.16667
vt 20.04216 1.33333
vt 20.04216 1.50000
vt 20.04216 1.66667
vt 20.04216 1.83333
vt 20.04216 2.00000
vt 20.16915 0.00000
vt 20.16915 0.16667
vt 20.16915 0.33333
vt 20.16915 0.50000
vt 20.16915 0.66667
vt 20.16915 0.83333
vt 20.16915 1.00000
vt 20.16915 1.16667
vt 20.16915 1.33333
vt 20.16915 1.50000
vt 20.16915 1.66667
vt 20.16915 1.83333
vt 20.16915 2.00000
vt 20.29797 0.00000
vt 20.29797 0.16667
vt 20.29797 0.33333
vt 20.29797 0.50000
vt 20.29797 0.66667
vt 20.29797 0.83333
vt 20.29797 1.00000
vt 20.29797 1.16667
vt 20.29797 1.33333
vt 20.29797 1.50000
vt 20.29797 1.66667
vt 20.29797 1.83333
vt 20.29797 2.00000
vt 20.42992 0.00000
vt 20.42992 0.16667
vt 20.42992 0.33333
vt 20.42992 0.50000
vt 20.42992 0.66667
vt 20.42992 0.83333
vt 20.42992 1.00000
vt 20.42992 1.16667
vt 20.42992 1.33333
vt 20.42992 1.50000
vt 20.42992 1.66667
vt 20.42992 1.83333
vt 20.42992 2.00000
vt 20.56624 0.00000
vt 20.56624 0.16667
vt 20.56624 0.33333
vt 20.56624 0.50000
vt 20.56624 0.66667
vt 20.56624 0.83333
vt 20.56624 1.00000
vt 20.56624 1.16667
vt 20.56624 1.33333
vt 20.56624 1.50000
vt 20.56624 1.66667
vt 20.56624 1.83333
vt 20.56624 2.00000
vt 20.70804 0.00000
vt 20.70804 0.16667
vt 20.70804 0.33333
vt 20.70804 0.50000
vt 20.70804 0.66667
vt 20.70804 0.83333
vt 20.70804 1.00000
vt 20.70804 1.16667
vt 20.70804 1.33333
vt 20.70804 1.50000
vt 20.70804 1.66667
vt 20.70804 1.83333
vt 20.70804 2.00000
vt 20.85630 0.00000
vt 20.85630 0.16667
vt 20.85630 0.33333
vt 20.85630 0.50000
vt 20.85630 0.66667
vt 20.85630 0.83333
vt 20.85630 1.00000
vt 20.85630 1.16667
vt 20.85630 1.33333
vt 20.85630 1.50000
vt 20.85630 1.66667
vt 20.85630 1.83333
vt 20.85630 2.00000
vt 21.01185 0.00000
vt 21.01185 0.16667
vt 21.01185 0.33333
vt 21.01185 0.50000
vt 21.01185 0.66667
vt 21.01185 0.83333
vt 21.01185 1.00000
vt 21.01185 1.16667
vt 21.01185 1.33333
vt 21.01185 1.50000
vt 21.01185 1.66667
vt 21.01185 1.83333
vt 21.01185 2.00000
vt 21.17535 0.00000
vt 21.17535 0.16667
vt 21.17535 0.33333
vt 21.17535 0.50000
vt 21.17535 0.66667
vt 21.17535 0.83333
vt 21.17535 1.00000
vt 21.17535 1.16667
vt 21.17535 1.33333
vt 21.17535 1.50000
vt 21.17535 1.66667
vt 21.17535 1.83333
vt 21.17535 2.00000
vt 21.34727 0.00000
vt 21.34727 0.16667
vt 21.34727 0.33333
vt 21.34727 0.50000
vt 21.34727 0.66667
vt 21.34727 0.83333
vt 21.34727 1.00000
vt 21.34727 1.16667
vt 21.34727 1.33333
vt 21.34727 1.50000
vt 21.34727 1.66667
vt 21.34727 1.83333
vt 21.34727 2.00000
vt 21.52793 0.00000
vt 21.52793 0.16667
vt 21.52793 0.33333
vt 21.52793 0.50000
vt 21.52793 0.66667
vt 21.52793 0.83333
vt 21.52793 1.00000
vt 21.52793 1.16667
vt 21.52793 1.33333
vt 21.52793 1.50000
vt 21.52793 1.66667
vt 21.52793 1.83333
vt 21.52793 2.00000
vt 21.71743 0.00000
vt 21.71743 0.16667
vt 21.71743 0.33333
vt 21.71743 0.50000
vt 21.71743 0.66667
vt 21.71743 0.83333
vt 21.71743 1.00000
vt 21.71743 1.16667
vt 21.71743 1.33333
vt 21.71743 1.50000
vt 21.71743 1.66667
vt 21.71743 1.83333
vt 21.71743 2.00000
vt 21.91570 0.00000
vt 21.91570 0.16667
vt 21.91570 0.33333
vt 21.91570 0.50000
vt 21.91570 0.66667
vt 21.91570 0.83333
vt 21.91570 1.00000
vt 21.91570 1.16667
vt 21.91570 1.33333
vt 21.91570 1.50000
vt 21.91570 1.66667
vt 21.91570 1.83333
vt 21.91570 2.00000
vt 22.12249 0.00000
vt 22.12249 0.16667
vt 22.12249 0.33333
vt 22.12249 0.50000
vt 22.12249 0.66667
vt 22.12249 0.83333
vt 22.12249 1.00000
vt 22.12249 1.16667
vt 22.12249 1.33333
vt 22.12249 1.50000
vt 22.12249 1.66667
vt 22.12249 1.83333
vt 22.12249 2.00000
vt 22.33736 0.00000
vt 22.33736 0.16667
vt 22.33736 0.33333
vt 22.33736 0.50000
vt 22.33736 0.66667
vt 22.33736 0.83333
vt 22.33736 1.00000
vt 22.33736 1.16667
vt 22.33736 1.33333
vt 22.33736 1.50000
vt 22.33736 1.66667
vt 22.33736 1.83333
vt 22.33736 2.00000
vt 22.55971 0.00000
vt 22.55971 0.16667
vt 22.55971 0.33333
vt 22.55971 0.50000
vt 22.55971 0.66667
vt 22.55971 0.83333
vt 22.55971 1.00000
vt 22.55971 1.16667
vt 22.55971 1.33333
vt 22.55971 1.50000
vt 22.55971 1.66667
vt 22.55971 1.83333
vt 22.55971 2.00000
vt 22.78878 0.00000
vt 22.78878 0.16667
vt 22.78878 0.33333
vt 22.78878 0.50000
vt 22.78878 0.66667
vt 22.78878 0.83333
vt 22.78878 1.00000
vt 22.78878 1.16667
vt 22.78878 1.33333
vt 22.78878 1.50000
vt 22.78878 1.66667
vt 22.78878 1.83333
vt 22.78878 2.00000
vt 23.02369 0.00000
vt 23.02369 0.16667
vt 23.02369 0.33333
vt 23.02369 0.50000
vt 23.02369 0.66667
vt 23.02369 0.83333
vt 23.02369 1.00000
vt 23.02369 1.16667
vt 23.02369 1.33333
vt 23.02369 1.50000
vt 23.02369 1.66667
vt 23.02369 1.83333
vt 23.02369 2.00000
vt 23.26342 0.00000
vt 23.26342 0.16667
vt 23.26342 0.33333
vt 23.26342 0.50000
vt 23.26342 0.66667
vt 23.26342 0.83333
vt 23.26342 1.00000
vt 23.26342 1.16667
vt 23.26342 1.33333
vt 23.26342 1.50000
vt 23.26342 1.66667
vt 23.26342 1.83333
vt 23.26342 2.00000
vt 23.50685 0.00000
vt 23.50685 0.16667
vt 23.50685 0.33333
vt 23.50685 0.50000
vt 23.50685 0.66667
vt 23.50685 0.83333
vt 23.50685 1.00000
vt 23.50685 1.16667
vt 23.50685 1.33333
vt 23.50685 1.50000
vt 23.50685 1.66667
vt 23.50685 1.83333
vt 23.50685 2.00000
vt 23.75279 0.00000
vt 23.75279 0.16667
vt 23.75279 0.33333
vt 23.75279 0.50000
vt 23.75279 0.66667
vt 23.75279 0.83333
vt 23.75279 1.00000
vt 23.75279 1.16667
vt 23.75279 1.33333
vt 23.75279 1.50000
vt 23.75279 1.66667
vt 23.75279 1.83333
vt 23.75279 2.00000
vt 24.00000 0.00000
vt 24.00000 0.16667
vt 24.00000 0.33333
vt 24.00000 0.50000
vt 24.00000 0.66667
vt 24.00000 0.83333
vt 24.00000 1.00000
vt 24.00000 1.16667
vt 24.00000 1.33333
vt 24.00000 1.50000
vt 24.00000 1.66667
vt 24.00000 1.83333
vt 24.00000 2.00000
vn 0.00072 0.91192 -0.41036
vn -0.49938 0.78975 -0.35626
vn -0.86567 0.45596 -0.20670
vn -1.00000 0.00000 -0.00175
vn -0.86638 -0.45596 0.20367
vn -0.50062 -0.78975 0.35451
vn -0.00072 -0.91192 0.41036
vn 0.49938 -0.78975 0.35626
vn 0.86567 -0.45596 0.20670
vn 1.00000 -0.00000 0.00175
vn 0.86638 0.45596 -0.20367
vn 0.50062 0.78975 -0.35451
vn 0.00072 0.91192 -0.41036
vn 0.07021 0.91347 -0.40080
vn -0.43170 0.79109 -0.43338
vn -0.81793 0.45674 -0.34983
vn -0.98500 0.00000 -0.17255
vn -0.88814 -0.45674 0.05097
vn -0.55330 -0.79109 0.26083
vn -0.07021 -0.91347 0.40080
vn 0.43170 -0.79109 0.43338
vn 0.81793 -0.45674 0.34983
vn 0.98500 -0.00000 0.17255
vn 0.88814 0.45674 -0.05097
vn 0.55330 0.79109 -0.26083
vn 0.07021 0.91347 -0.40080
vn 0.13387 0.91798 -0.37334
vn -0.35472 0.79500 -0.49209
vn -0.74827 0.45899 -0.47898
vn -0.94132 0.00000 -0.33753
vn -0.88214 -0.45899 -0.10564
vn -0.58659 -0.79500 0.15456
vn -0.13387 -0.91798 0.37334
vn 0.35472 -0.79500 0.49209
vn 0.74827 -0.45899 0.47898
vn 0.94132 -0.00000 0.33753
vn 0.88214 0.45899 0.10564
vn 0.58659 0.79500 -0.15456
vn 0.13387 0.91798 -0.37334
vn 0.18642 0.92522 -0.33047
vn -0.27405 0.80127 -0.53185
vn -0.66109 0.46261 -0.59072
vn -0.87098 0.00000 -0.49131
vn -0.84750 -0.46261 -0.26025
vn -0.59693 -0.80127 0.04054
vn -0.18642 -0.92522 0.33047
vn 0.27405 -0.80127 0.53185
vn 0.66109 -0.46261 0.59072
vn 0.87098 -0.00000 0.49131
vn 0.84750 0.46261 0.26025
vn 0.59693 0.80127 -0.04054
vn 0.18642 0.92522 -0.33047
vn 0.22351 0.93480 -0.27604
vn -0.19503 0.80956 -0.55370
vn -0.56130 0.46740 -0.68299
vn -0.77718 0.00000 -0.62928
vn -0.78481 -0.46740 -0.40695
vn -0.58215 -0.80956 -0.07558
vn -0.22351 -0.93480 0.27604
vn 0.19503 -0.80956 0.55370
vn 0.56130 -0.46740 0.68299
vn 0.77718 -0.00000 0.62928
vn 0.78481 0.46740 0.40695
vn 0.58215 0.80956 0.07558
vn 0.22351 0.93480 -0.27604
vn 0.24206 0.94616 -0.21492
vn -0.12234 0.81940 -0.56002
vn -0.45396 0.47308 -0.75506
vn -0.66394 0.00000 -0.74779
vn -0.69602 -0.47308 -0.54014
vn -0.54160 -0.81940 -0.18777
vn -0.24206 -0.94616 0.21492
vn 0.12234 -0.81940 0.56002
vn 0.45396 -0.47308 0.75506
vn 0.66394 -0.00000 0.74779
vn 0.69602 0.47308 0.54014
vn 0.54160 0.81940 0.18777
vn 0.24206 0.94616 -0.21492
vn 0.24043 0.95860 -0.15258
vn -0.05971 0.83017 -0.55430
vn -0.34384 0.47930 -0.80749
vn -0.53584 0.00000 -0.84432
vn -0.58426 -0.47930 -0.65491
vn -0.47614 -0.83017 -0.29002
vn -0.24043 -0.95860 0.15258
vn 0.05971 -0.83017 0.55430
vn 0.34384 -0.47930 0.80749
vn 0.53584 -0.00000 0.84432
vn 0.58426 0.47930 0.65491
vn 0.47614 0.83017 0.29002
vn 0.24043 0.95860 -0.15258
vn 0.21849 0.97123 -0.09470
vn -0.00963 0.84111 -0.54078
vn -0.23516 0.48562 -0.84195
vn -0.39769 0.00000 -0.91752
vn -0.45366 -0.48562 -0.74724
vn -0.38806 -0.84111 -0.37674
vn -0.21849 -0.97123 0.09470
vn 0.00963 -0.84111 0.54078
vn 0.23516 -0.48562 0.84195
vn 0.39769 -0.00000 0.91752
vn 0.45366 0.48562 0.74724
vn 0.38806 0.84111 0.37674
vn 0.21849 0.97123 -0.09470
vn 0.17759 0.98300 -0.04669
vn 0.02667 0.85130 -0.52400
vn -0.13140 0.49150 -0.86091
vn -0.25426 0.00000 -0.96714
vn -0.30899 -0.49150 -0.81422
vn -0.28093 -0.85130 -0.44314
vn -0.17759 -0.98300 0.04669
vn -0.02667 -0.85130 0.52400
vn 0.13140 -0.49150 0.86091
vn 0.25426 -0.00000 0.96714
vn 0.30899 0.49150 0.81422
vn 0.28093 0.85130 0.44314
vn 0.17759 0.98300 -0.04669
vn 0.12036 0.99264 -0.01333
vn 0.04921 0.85965 -0.50851
vn -0.03514 0.49632 -0.86743
vn -0.11006 0.00000 -0.99392
vn -0.15550 -0.49632 -0.85410
vn -0.15927 -0.85965 -0.48542
vn -0.12036 -0.99264 0.01333
vn -0.04921 -0.85965 0.50851
vn 0.03514 -0.49632 0.86743
vn 0.11006 -0.00000 0.99392
vn 0.15550 0.49632 0.85410
vn 0.15927 0.85965 0.48542
vn 0.12036 0.99264 -0.01333
vn 0.05054 0.99872 0.00156
vn 0.05915 0.86492 -0.49842
vn 0.05191 0.49936 -0.86484
vn 0.03077 0.00000 -0.99953
vn 0.00137 -0.49936 -0.86639
vn -0.02839 -0.86492 -0.50111
vn -0.05054 -0.99872 -0.00156
vn -0.05915 -0.86492 0.49842
vn -0.05191 -0.49936 0.86484
vn -0.03077 -0.00000 0.99953
vn -0.00137 0.49936 0.86639
vn 0.02839 0.86492 0.50111
vn 0.05054 0.99872 0.00156
vn -0.02738 0.99961 -0.00457
vn 0.05859 0.86569 -0.49714
vn 0.12885 0.49981 -0.85650
vn 0.16459 0.00000 -0.98636
vn 0.15623 -0.49981 -0.85193
vn 0.10600 -0.86569 -0.48922
vn 0.02738 -0.99961 0.00457
vn -0.05859 -0.86569 0.49714
vn -0.12885 -0.49981 0.85650
vn -0.16459 -0.00000 0.98636
vn -0.15623 0.49981 0.85193
vn -0.10600 0.86569 0.48922
vn -0.02738 0.99961 -0.00457
vn -0.10848 0.99356 -0.03266
vn 0.05019 0.86045 -0.50706
vn 0.19542 0.49678 -0.84559
vn 0.28828 0.00000 -0.95755
vn 0.30390 -0.49678 -0.81293
vn 0.23809 -0.86045 -0.45049
vn 0.10848 -0.99356 0.03266
vn -0.05019 -0.86045 0.50706
vn -0.19542 -0.49678 0.84559
vn -0.28828 -0.00000 0.95755
vn -0.30390 0.49678 0.81293
vn -0.23809 0.86045 0.45049
vn -0.10848 0.99356 -0.03266
vn -0.18797 0.97876 -0.08185
vn 0.03682 0.84763 -0.52931
vn 0.25174 0.48938 -0.83495
vn 0.39921 0.00000 -0.91686
vn 0.43972 -0.48938 -0.75310
vn 0.36240 -0.84763 -0.38755
vn 0.18797 -0.97876 0.08185
vn -0.03682 -0.84763 0.52931
vn -0.25174 -0.48938 0.83495
vn -0.39921 -0.00000 0.91686
vn -0.43972 0.48938 0.75310
vn -0.36240 0.84763 0.38755
vn -0.18797 0.97876 -0.08185
vn -0.26174 0.95354 -0.14919
vn 0.02093 0.82579 -0.56359
vn 0.29798 0.47677 -0.82698
vn 0.49519 0.00000 -0.86878
vn 0.55972 -0.47677 -0.67779
vn 0.47427 -0.82579 -0.30519
vn 0.26174 -0.95354 0.14919
vn -0.02093 -0.82579 0.56359
vn -0.29798 -0.47677 0.82698
vn -0.49519 -0.00000 0.86878
vn -0.55972 0.47677 0.67779
vn -0.47427 0.82579 0.30519
vn -0.26174 0.95354 -0.14919
vn -0.32713 0.91669 -0.22951
vn 0.00386 0.79387 -0.60807
vn 0.33382 0.45834 -0.82370
vn 0.57433 0.00000 -0.81862
vn 0.66095 -0.45834 -0.59420
vn 0.57047 -0.79387 -0.21055
vn 0.32713 -0.91669 0.22951
vn -0.00386 -0.79387 0.60807
vn -0.33382 -0.45834 0.82370
vn -0.57433 -0.00000 0.81862
vn -0.66095 0.45834 0.59420
vn -0.57047 0.79387 0.21055
vn -0.32713 0.91669 -0.22951
vn -0.38381 0.86791 -0.31530
vn -0.01501 0.75164 -0.65941
vn 0.35782 0.43396 -0.82683
vn 0.63477 0.00000 -0.77270
vn 0.74163 -0.43396 -0.51153
vn 0.64978 -0.75164 -0.11329
vn 0.38381 -0.86791 0.31530
vn 0.01501 -0.75164 0.65941
vn -0.35782 -0.43396 0.82683
vn -0.63477 -0.00000 0.77270
vn -0.74163 0.43396 0.51153
vn -0.64978 0.75164 0.11329
vn -0.38381 0.86791 -0.31530
vn -0.43455 0.80858 -0.39670
vn -0.03922 0.70025 -0.71282
vn 0.36661 0.40429 -0.83794
vn 0.67421 0.00000 -0.73854
vn 0.80116 -0.40429 -0.44125
vn 0.71343 -0.70025 -0.02572
vn 0.43455 -0.80858 0.39670
vn 0.03922 -0.70025 0.71282
vn -0.36661 -0.40429 0.83794
vn -0.67421 -0.00000 0.73854
vn -0.80116 0.40429 0.44125
vn -0.71343 0.70025 0.02572
vn -0.43455 0.80858 -0.39670
vn -0.48530 0.74262 -0.46152
vn -0.07572 0.64313 -0.76201
vn 0.35415 0.37131 -0.85832
vn 0.68913 0.00000 -0.72464
vn 0.83945 -0.37131 -0.39680
vn 0.76485 -0.64313 0.03737
vn 0.48530 -0.74262 0.46152
vn 0.07572 -0.64313 0.76201
vn -0.35415 -0.37131 0.85832
vn -0.68913 -0.00000 0.72464
vn -0.83945 0.37131 0.39680
vn -0.76485 0.64313 -0.03737
vn -0.48530 0.74262 -0.46152
vn -0.54339 0.67753 -0.49567
vn -0.13363 0.58676 -0.79866
vn 0.31194 0.33876 -0.88766
vn 0.67392 0.00000 -0.73880
vn 0.85533 -0.33876 -0.39199
vn 0.80755 -0.58676 0.05986
vn 0.54339 -0.67753 0.49567
vn 0.13363 -0.58676 0.79866
vn -0.31194 -0.33876 0.88766
vn -0.67392 -0.00000 0.73880
vn -0.85533 0.33876 0.39199
vn -0.80755 0.58676 -0.05986
vn -0.54339 0.67753 -0.49567
vn -0.61141 0.62468 -0.48576
vn -0.21847 0.54098 -0.81216
vn 0.23301 0.31234 -0.92095
vn 0.62206 0.00000 -0.78297
vn 0.84442 -0.31234 -0.43519
vn 0.84053 -0.54098 0.02919
vn 0.61141 -0.62468 0.48576
vn 0.21847 -0.54098 0.81216
vn -0.23301 -0.31234 0.92095
vn -0.62206 -0.00000 0.78297
vn -0.84442 0.31234 0.43519
vn -0.84053 0.54098 -0.02919
vn -0.61141 0.62468 -0.48576
vn -0.67836 0.59707 -0.42817
vn -0.32061 0.51708 -0.79362
vn 0.12306 0.29854 -0.94643
vn 0.53375 0.00000 -0.84564
vn 0.80142 -0.29854 -0.51827
vn 0.85436 -0.51708 -0.05202
vn 0.67836 -0.59707 0.42817
vn 0.32061 -0.51708 0.79362
vn -0.12306 -0.29854 0.94643
vn -0.53375 -0.00000 0.84564
vn -0.80142 0.29854 0.51827
vn -0.85436 0.51708 0.05202
vn -0.67836 0.59707 -0.42817
vn -0.72071 0.60323 -0.34159
vn -0.41001 0.52241 -0.74765
vn 0.01055 0.30162 -0.95337
vn 0.42829 0.00000 -0.90364
vn 0.73127 -0.30162 -0.61178
vn 0.83830 -0.52241 -0.15600
vn 0.72071 -0.60323 0.34159
vn 0.41001 -0.52241 0.74765
vn -0.01055 -0.30162 0.95337
vn -0.42829 -0.00000 0.90364
vn -0.73127 0.30162 0.61178
vn -0.83830 0.52241 0.15600
vn -0.72071 0.60323 -0.34159
vn -0.72186 0.64114 -0.26051
vn -0.45542 0.55524 -0.69592
vn -0.06695 0.32057 -0.94486
vn 0.33946 0.00000 -0.94062
vn 0.65491 -0.32057 -0.68435
vn 0.79488 -0.55524 -0.24470
vn 0.72186 -0.64114 0.26051
vn 0.45542 -0.55524 0.69592
vn 0.06695 -0.32057 0.94486
vn -0.33946 -0.00000 0.94062
vn -0.65491 0.32057 0.68435
vn -0.79488 0.55524 0.24470
vn -0.72186 0.64114 -0.26051
vn -0.68345 0.69981 -0.20775
vn -0.44647 0.60606 -0.65830
vn -0.08986 0.34991 -0.93246
vn 0.29083 0.00000 -0.95677
vn 0.59359 -0.34991 -0.72472
vn 0.73730 -0.60606 -0.29847
vn 0.68345 -0.69981 0.20775
vn 0.44647 -0.60606 0.65830
vn 0.08986 -0.34991 0.93246
vn -0.29083 -0.00000 0.95677
vn -0.59359 0.34991 0.72472
vn -0.73730 0.60606 0.29847
vn -0.68345 0.69981 -0.20775
vn -0.61565 0.76632 -0.18365
vn -0.39024 0.66365 -0.63818
vn -0.06026 0.38316 -0.92171
vn 0.28586 0.00000 -0.95827
vn 0.55539 -0.38316 -0.73806
vn 0.67610 -0.66365 -0.32009
vn 0.61565 -0.76632 0.18365
vn 0.39024 -0.66365 0.63818
vn 0.06026 -0.38316 0.92171
vn -0.28586 -0.00000 0.95827
vn -0.55539 0.38316 0.73806
vn -0.67610 0.66365 0.32009
vn -0.61565 0.76632 -0.18365
vn -0.52816 0.83059 -0.17654
vn -0.29889 0.71931 -0.62710
vn 0.01047 0.41530 -0.90963
vn 0.31702 0.00000 -0.94842
vn 0.53863 -0.41530 -0.73308
vn 0.61591 -0.71931 -0.32132
vn 0.52816 -0.83059 0.17654
vn 0.29889 -0.71931 0.62710
vn -0.01047 -0.41530 0.90963
vn -0.31702 -0.00000 0.94842
vn -0.53863 0.41530 0.73308
vn -0.61591 0.71931 0.32132
vn -0.52816 0.83059 -0.17654
vn -0.42906 0.88649 -0.17335
vn -0.18427 0.76772 -0.61372
vn 0.10990 0.44324 -0.88964
vn 0.37461 0.00000 -0.92718
vn 0.53895 -0.44324 -0.71628
vn 0.55888 -0.76772 -0.31346
vn 0.42906 -0.88649 0.17335
vn 0.18427 -0.76772 0.61372
vn -0.10990 -0.44324 0.88964
vn -0.37461 -0.00000 0.92718
vn -0.53895 0.44324 0.71628
vn -0.55888 0.76772 0.31346
vn -0.42906 0.88649 -0.17335
vn -0.32575 0.93110 -0.16415
vn -0.05711 0.80635 -0.58867
vn 0.22684 0.46555 -0.85546
vn 0.45001 0.00000 -0.89302
vn 0.55260 -0.46555 -0.69131
vn 0.50712 -0.80635 -0.30435
vn 0.32575 -0.93110 0.16415
vn 0.05711 -0.80635 0.58867
vn -0.22684 -0.46555 0.85546
vn -0.45001 -0.00000 0.89302
vn -0.55260 0.46555 0.69131
vn -0.50712 0.80635 0.30435
vn -0.32575 0.93110 -0.16415
vn -0.22527 0.96374 -0.14304
vn 0.07293 0.83462 -0.54597
vn 0.35159 0.48187 -0.80261
vn 0.53604 0.00000 -0.84420
vn 0.57685 -0.48187 -0.65958
vn 0.46311 -0.83462 -0.29822
vn 0.22527 -0.96374 0.14304
vn -0.07293 -0.83462 0.54597
vn -0.35159 -0.48187 0.80261
vn -0.53604 -0.00000 0.84420
vn -0.57685 0.48187 0.65958
vn -0.46311 0.83462 0.29822
vn -0.22527 0.96374 -0.14304
vn -0.13401 0.98510 -0.10776
vn 0.19727 0.85313 -0.48297
vn 0.47568 0.49255 -0.72878
vn 0.62664 0.00000 -0.77931
vn 0.60969 -0.49255 -0.62102
vn 0.42937 -0.85313 -0.29633
vn 0.13401 -0.98510 0.10776
vn -0.19727 -0.85313 0.48297
vn -0.47568 -0.49255 0.72878
vn -0.62664 -0.00000 0.77931
vn -0.60969 0.49255 0.62102
vn -0.42937 0.85313 0.29633
vn -0.13401 0.98510 -0.10776
vn -0.05739 0.99661 -0.05894
vn 0.30856 0.86309 -0.39984
vn 0.59182 0.49831 -0.63359
vn 0.71651 0.00000 -0.69758
vn 0.64921 -0.49831 -0.57465
vn 0.40795 -0.86309 -0.29774
vn 0.05739 -0.99661 0.05894
vn -0.30856 -0.86309 0.39984
vn -0.59182 -0.49831 0.63359
vn -0.71651 -0.00000 0.69758
vn -0.64921 0.49831 0.57465
vn -0.40795 0.86309 0.29774
vn -0.05739 0.99661 -0.05894
vn 0.00048 1.00000 0.00065
vn 0.40083 0.86603 -0.29889
vn 0.69377 0.50000 -0.51835
vn 0.80082 0.00000 -0.59891
vn 0.69328 -0.50000 -0.51900
vn 0.39999 -0.86603 -0.30002
vn -0.00048 -1.00000 -0.00065
vn -0.40083 -0.86603 0.29889
vn -0.69377 -0.50000 0.51835
vn -0.80082 -0.00000 0.59891
vn -0.69328 0.50000 0.51900
vn -0.39999 0.86603 0.30002
vn 0.00048 1.00000 0.00065
vn 0.03698 0.99708 0.06687
vn 0.46957 0.86349 -0.18407
vn 0.77634 0.49854 -0.38569
vn 0.87509 0.00000 -0.48396
vn 0.73936 -0.49854 -0.45256
vn 0.40552 -0.86349 -0.29990
vn -0.03698 -0.99708 -0.06687
vn -0.46957 -0.86349 0.18407
vn -0.77634 -0.49854 0.38569
vn -0.87509 -0.00000 0.48396
vn -0.73936 0.49854 0.45256
vn -0.40552 0.86349 0.29990
vn 0.03698 0.99708 0.06687
vn 0.05105 0.98956 0.13479
vn 0.51180 0.85698 -0.06034
vn 0.83542 0.49478 -0.23931
vn 0.93519 0.00000 -0.35416
vn 0.78437 -0.49478 -0.37410
vn 0.42339 -0.85698 -0.29381
vn -0.05105 -0.98956 -0.13479
vn -0.51180 -0.85698 0.06034
vn -0.83542 -0.49478 0.23931
vn -0.93519 -0.00000 0.35416
vn -0.78437 0.49478 0.37410
vn -0.42339 0.85698 0.29381
vn 0.05105 0.98956 0.13479
vn 0.04315 0.97901 0.19920
vn 0.52604 0.84785 0.06664
vn 0.86797 0.48950 -0.08376
vn 0.97733 0.00000 -0.21173
vn 0.82481 -0.48950 -0.28296
vn 0.45129 -0.84785 -0.27837
vn -0.04315 -0.97901 -0.19920
vn -0.52604 -0.84785 -0.06664
vn -0.86797 -0.48950 0.08376
vn -0.97733 -0.00000 0.21173
vn -0.82481 0.48950 0.28296
vn -0.45129 0.84785 0.27837
vn 0.04315 0.97901 0.19920
vn 0.01526 0.96680 0.25506
vn 0.51232 0.83728 0.19104
vn 0.87211 0.48340 0.07582
vn 0.99822 0.00000 -0.05971
vn 0.85685 -0.48340 -0.17924
vn 0.48590 -0.83728 -0.25074
vn -0.01526 -0.96680 -0.25506
vn -0.51232 -0.83728 -0.19104
vn -0.87211 -0.48340 -0.07582
vn -0.99822 -0.00000 0.05971
vn -0.85685 0.48340 0.17924
vn -0.48590 0.83728 0.25074
vn 0.01526 0.96680 0.25506
vn -0.02937 0.95413 0.29795
vn 0.47215 0.82630 0.30709
vn 0.84716 0.47706 0.23394
vn 0.99518 0.00000 0.09810
vn 0.87653 -0.47706 -0.06402
vn 0.52303 -0.82630 -0.20898
vn 0.02937 -0.95413 -0.29795
vn -0.47215 -0.82630 -0.30709
vn -0.84716 -0.47706 -0.23394
vn -0.99518 -0.00000 -0.09810
vn -0.87653 0.47706 0.06402
vn -0.52303 0.82630 0.20898
vn -0.02937 0.95413 0.29795
vn -0.08634 0.94198 0.32438
vn 0.40840 0.81578 0.40953
vn 0.79371 0.47099 0.38495
vn 0.96635 0.00000 0.25722
vn 0.88006 -0.47099 0.06057
vn 0.55795 -0.81578 -0.15231
vn 0.08634 -0.94198 -0.32438
vn -0.40840 -0.81578 -0.40953
vn -0.79371 -0.47099 -0.38495
vn -0.96635 -0.00000 -0.25722
vn -0.88006 0.47099 -0.06057
vn -0.55795 0.81578 0.15231
vn -0.08634 0.94198 0.32438
vn -0.15044 0.93117 0.33209
vn 0.32516 0.80642 0.49392
vn 0.71364 0.46559 0.52340
vn 0.91089 0.00000 0.41264
vn 0.86408 -0.46559 0.19131
vn 0.58573 -0.80642 -0.08128
vn 0.15044 -0.93117 -0.33209
vn -0.32516 -0.80642 -0.49392
vn -0.71364 -0.46559 -0.52340
vn -0.91089 -0.00000 -0.41264
vn -0.86408 0.46559 -0.19131
vn -0.58573 0.80642 0.08128
vn -0.15044 0.93117 0.33209
vn -0.21597 0.92237 0.32029
vn 0.22752 0.79880 0.55692
vn 0.61005 0.46119 0.64431
vn 0.82912 0.00000 0.55907
vn 0.82603 -0.46119 0.32402
vn 0.60160 -0.79880 0.00215
vn 0.21597 -0.92237 -0.32029
vn -0.22752 -0.79880 -0.55692
vn -0.61005 -0.46119 -0.64431
vn -0.82912 -0.00000 -0.55907
vn -0.82603 0.46119 -0.32402
vn -0.60160 0.79880 -0.00215
vn -0.21597 0.92237 0.32029
vn -0.27721 0.91606 0.28980
vn 0.12124 0.79333 0.59660
vn 0.48720 0.45803 0.74353
vn 0.72262 0.00000 0.69124
vn 0.76442 -0.45803 0.45373
vn 0.60139 -0.79333 0.09465
vn 0.27721 -0.91606 -0.28980
vn -0.12124 -0.79333 -0.59660
vn -0.48720 -0.45803 -0.74353
vn -0.72262 -0.00000 -0.69124
vn -0.76442 0.45803 -0.45373
vn -0.60139 0.79333 -0.09465
vn -0.27721 0.91606 0.28980
vn -0.32887 0.91258 0.24300
vn 0.01232 0.79032 0.61258
vn 0.35021 0.45629 0.81802
vn 0.59426 0.00000 0.80427
vn 0.67908 -0.45629 0.57502
vn 0.58194 -0.79032 0.19170
vn 0.32887 -0.91258 -0.24300
vn -0.01232 -0.79032 -0.61258
vn -0.35021 -0.45629 -0.81802
vn -0.59426 -0.00000 -0.80427
vn -0.67908 0.45629 -0.57502
vn -0.58194 0.79032 -0.19170
vn -0.32887 0.91258 0.24300
vn -0.36651 0.91210 0.18369
vn -0.09338 0.78990 0.60608
vn 0.20477 0.45605 0.86608
vn 0.44805 0.00000 0.89401
vn 0.57128 -0.45605 0.68239
vn 0.54143 -0.78990 0.28793
vn 0.36651 -0.91210 -0.18369
vn 0.09338 -0.78990 -0.60608
vn -0.20477 -0.45605 -0.86608
vn -0.44805 -0.00000 -0.89401
vn -0.57128 0.45605 -0.68239
vn -0.54143 0.78990 -0.28793
vn -0.36651 0.91210 0.18369
vn -0.38699 0.91466 0.11679
vn -0.19069 0.79212 0.57982
vn 0.05671 0.45733 0.88749
vn 0.28892 0.00000 0.95735
vn 0.44371 -0.45733 0.77070
vn 0.47961 -0.79212 0.37753
vn 0.38699 -0.91466 -0.11679
vn 0.19069 -0.79212 -0.57982
vn -0.05671 -0.45733 -0.88749
vn -0.28892 -0.00000 -0.95735
vn -0.44371 0.45733 -0.77070
vn -0.47961 0.79212 -0.37753
vn -0.38699 0.91466 0.11679
vn -0.38872 0.92011 0.04792
vn -0.27546 0.79684 0.53775
vn -0.08839 0.46005 0.88348
vn 0.12236 0.00000 0.99249
vn 0.30032 -0.46005 0.83556
vn 0.39782 -0.79684 0.45474
vn 0.38872 -0.92011 -0.04792
vn 0.27546 -0.79684 -0.53775
vn 0.08839 -0.46005 -0.88348
vn -0.12236 -0.00000 -0.99249
vn -0.30032 0.46005 -0.83556
vn -0.39782 0.79684 -0.45474
vn -0.38872 0.92011 0.04792
vn -0.37174 0.92818 -0.01710
vn -0.34491 0.80383 0.48467
vn -0.22566 0.46409 0.85656
vn -0.04594 0.00000 0.99894
vn 0.14608 -0.46409 0.87366
vn 0.29897 -0.80383 0.51428
vn 0.37174 -0.92818 0.01710
vn 0.34491 -0.80383 -0.48467
vn 0.22566 -0.46409 -0.85656
vn 0.04594 -0.00000 -0.99894
vn -0.14608 0.46409 -0.87366
vn -0.29897 0.80383 -0.51428
vn -0.37174 0.92818 -0.01710
vn -0.33776 0.93842 -0.07273
vn -0.39776 0.81269 0.42582
vn -0.35117 0.46921 0.81026
vn -0.21049 0.00000 0.97760
vn -0.01341 -0.46921 0.88299
vn 0.18726 -0.81269 0.55178
vn 0.33776 -0.93842 0.07273
vn 0.39776 -0.81269 -0.42582
vn 0.35117 -0.46921 -0.81026
vn 0.21049 -0.00000 -0.97760
vn 0.01341 0.46921 -0.88299
vn -0.18726 0.81269 -0.55178
vn -0.33776 0.93842 -0.07273
vn -0.28990 0.95023 -0.11413
vn -0.43423 0.82292 0.36640
vn -0.46220 0.47511 0.74876
vn -0.36633 0.00000 0.93048
vn -0.17230 -0.47511 0.86289
vn 0.06789 -0.82292 0.56408
vn 0.28990 -0.95023 0.11413
vn 0.43423 -0.82292 -0.36640
vn 0.46220 -0.47511 -0.74876
vn 0.36633 -0.00000 -0.93048
vn 0.17230 0.47511 -0.86289
vn -0.06789 0.82292 -0.56408
vn -0.28990 0.95023 -0.11413
vn -0.23243 0.96284 -0.13754
vn -0.45593 0.83384 0.31118
vn -0.55726 0.48142 0.67653
vn -0.50927 0.00000 0.86060
vn -0.32483 -0.48142 0.81408
vn -0.05334 -0.83384 0.54942
vn 0.23243 -0.96284 0.13754
vn 0.45593 -0.83384 -0.31118
vn 0.55726 -0.48142 -0.67653
vn 0.50927 -0.00000 -0.86060
vn 0.32483 0.48142 -0.81408
vn 0.05334 0.83384 -0.54942
vn -0.23243 0.96284 -0.13754
vn -0.17042 0.97531 -0.14047
vn -0.46561 0.84464 0.26417
vn -0.63605 0.48765 0.59803
vn -0.63605 0.00000 0.77164
vn -0.46563 -0.48765 0.73850
vn -0.17044 -0.84464 0.50747
vn 0.17042 -0.97531 0.14047
vn 0.46561 -0.84464 -0.26417
vn 0.63605 -0.48765 -0.59803
vn 0.63605 -0.00000 -0.77164
vn 0.46563 0.48765 -0.73850
vn 0.17044 0.84464 -0.50747
vn -0.17042 0.97531 -0.14047
vn -0.10929 0.98651 -0.12184
vn -0.46685 0.85435 0.22835
vn -0.69932 0.49326 0.51735
vn -0.74441 0.00000 0.66773
vn -0.59003 -0.49326 0.63919
vn -0.27755 -0.85435 0.43938
vn 0.10929 -0.98651 0.12184
vn 0.46685 -0.85435 -0.22835
vn 0.69932 -0.49326 -0.51735
vn 0.74441 -0.00000 -0.66773
vn 0.59003 0.49326 -0.63919
vn 0.27755 0.85435 -0.43938
vn -0.10929 0.98651 -0.12184
vn -0.05447 0.99514 -0.08203
vn -0.46370 0.86182 0.20556
vn -0.74868 0.49757 0.43807
vn -0.83305 0.00000 0.55320
vn -0.69421 -0.49757 0.52010
vn -0.36935 -0.86182 0.34764
vn 0.05447 -0.99514 0.08203
vn 0.46370 -0.86182 -0.20556
vn 0.74868 -0.49757 -0.43807
vn 0.83305 -0.00000 -0.55320
vn 0.69421 0.49757 -0.52010
vn 0.36935 0.86182 -0.34764
vn -0.05447 0.99514 -0.08203
vn -0.01094 0.99968 -0.02281
vn -0.46031 0.86575 0.19647
vn -0.78633 0.49984 0.36310
vn -0.90166 0.00000 0.43245
vn -0.77539 -0.49984 0.38592
vn -0.44135 -0.86575 0.23598
vn 0.01094 -0.99968 0.02281
vn 0.46031 -0.86575 -0.19647
vn 0.78633 -0.49984 -0.36310
vn 0.90166 -0.00000 -0.43245
vn 0.77539 0.49984 -0.38592
vn 0.44135 0.86575 -0.23598
vn -0.01094 0.99968 -0.02281
vn 0.01720 0.99846 0.05277
vn -0.46050 0.86469 0.20061
vn -0.81481 0.49923 0.29470
vn -0.95080 0.00000 0.30982
vn -0.83201 -0.49923 0.24192
vn -0.49029 -0.86469 0.10921
vn -0.01720 -0.99846 -0.05277
vn 0.46050 -0.86469 -0.20061
vn 0.81481 -0.49923 -0.29470
vn 0.95080 -0.00000 -0.30982
vn 0.83201 0.49923 -0.24192
vn 0.49029 0.86469 -0.10921
vn 0.01720 0.99846 0.05277
vn 0.02715 0.98969 0.14065
vn -0.46742 0.85709 0.21658
vn -0.83675 0.49484 0.23447
vn -0.98187 0.00000 0.18954
vn -0.86390 -0.49484 0.09382
vn -0.51445 -0.85709 -0.02704
vn -0.02715 -0.98969 -0.14065
vn 0.46742 -0.85709 -0.21658
vn 0.83675 -0.49484 -0.23447
vn 0.98187 -0.00000 -0.18954
vn 0.86390 0.49484 -0.09382
vn 0.51445 0.85709 0.02704
vn 0.02715 0.98969 0.14065
vn 0.01793 0.97158 0.23602
vn -0.48304 0.84141 0.24227
vn -0.85457 0.48579 0.18361
vn -0.99713 0.00000 0.07575
vn -0.87250 -0.48579 -0.05241
vn -0.51409 -0.84141 -0.16653
vn -0.01793 -0.97158 -0.23602
vn 0.48304 -0.84141 -0.24227
vn 0.85457 -0.48579 -0.18361
vn 0.99713 -0.00000 -0.07575
vn 0.87250 0.48579 0.05241
vn 0.51409 0.84141 0.16653
vn 0.01793 0.97158 0.23602
vn -0.00915 0.94259 0.33384
vn -0.50773 0.81630 0.27542
vn -0.87027 0.47129 0.14320
vn -0.99962 0.00000 -0.02739
vn -0.86113 -0.47129 -0.19064
vn -0.49189 -0.81630 -0.30281
vn 0.00915 -0.94259 -0.33384
vn 0.50773 -0.81630 -0.27542
vn 0.87027 -0.47129 -0.14320
vn 0.99962 -0.00000 0.02739
vn 0.86113 0.47129 0.19064
vn 0.49189 0.81630 0.30281
vn -0.00915 0.94259 0.33384
vn -0.04992 0.90173 0.42941
vn -0.53988 0.78092 0.31415
vn -0.88519 0.45086 0.11471
vn -0.99331 0.00000 -0.11547
vn -0.83527 -0.45086 -0.31470
vn -0.45343 -0.78092 -0.42962
vn 0.04992 -0.90173 -0.42941
vn 0.53988 -0.78092 -0.31415
vn 0.88519 -0.45086 -0.11471
vn 0.99331 -0.00000 0.11547
vn 0.83527 0.45086 0.31470
vn 0.45343 0.78092 0.42962
vn -0.04992 0.90173 0.42941
vn -0.09688 0.84918 0.51915
vn -0.57542 0.73541 0.35787
vn -0.89977 0.42459 0.10070
vn -0.98303 0.00000 -0.18345
vn -0.80289 -0.42459 -0.41845
vn -0.40761 -0.73541 -0.54132
vn 0.09688 -0.84918 -0.51915
vn 0.57542 -0.73541 -0.35787
vn 0.89977 -0.42459 -0.10070
vn 0.98303 -0.00000 0.18345
vn 0.80289 0.42459 0.41845
vn 0.40761 0.73541 0.54132
vn -0.09688 0.84918 0.51915
vn -0.13889 0.78704 0.60107
vn -0.60744 0.68160 0.40797
vn -0.91324 0.39352 0.10556
vn -0.97433 0.00000 -0.22513
vn -0.77435 -0.39352 -0.49551
vn -0.36688 -0.68160 -0.63311
vn 0.13889 -0.78704 -0.60107
vn 0.60744 -0.68160 -0.40797
vn 0.91324 -0.39352 -0.10556
vn 0.97433 -0.00000 0.22513
vn 0.77435 0.39352 0.49551
vn 0.36688 0.68160 0.63311
vn -0.13889 0.78704 0.60107
vn -0.16135 0.72034 0.67460
vn -0.62602 0.62383 0.46790
vn -0.92294 0.36017 0.13584
vn -0.97257 0.00000 -0.23262
vn -0.76159 -0.36017 -0.53876
vn -0.34655 -0.62383 -0.70053
vn 0.16135 -0.72034 -0.67460
vn 0.62602 -0.62383 -0.46790
vn 0.92294 -0.36017 -0.13584
vn 0.97257 -0.00000 0.23262
vn 0.76159 0.36017 0.53876
vn 0.34655 0.62383 0.70053
vn -0.16135 0.72034 0.67460
vn -0.14851 0.65790 0.73832
vn -0.61880 0.56976 0.54080
vn -0.92327 0.32895 0.19838
vn -0.98036 0.00000 -0.19720
vn -0.77477 -0.32895 -0.53994
vn -0.36157 -0.56976 -0.73800
vn 0.14851 -0.65790 -0.73832
vn 0.61880 -0.56976 -0.54080
vn 0.92327 -0.32895 -0.19838
vn 0.98036 -0.00000 0.19720
vn 0.77477 0.32895 0.53994
vn 0.36157 0.56976 0.73800
vn -0.14851 0.65790 0.73832
vn -0.09087 0.61208 0.78556
vn -0.57538 0.53008 0.62286
vn -0.90572 0.30604 0.29327
vn -0.99338 0.00000 -0.11490
vn -0.81486 -0.30604 -0.49229
vn -0.41800 -0.53008 -0.73777
vn 0.09087 -0.61208 -0.78556
vn 0.57538 -0.53008 -0.62286
vn 0.90572 -0.30604 -0.29327
vn 0.99338 -0.00000 0.11490
vn 0.81486 0.30604 0.49229
vn 0.41800 0.53008 0.73777
vn -0.09087 0.61208 0.78556
vn 0.00100 0.59523 0.80355
vn -0.49913 0.51548 0.69652
vn -0.86552 0.29761 0.40286
vn -1.00000 0.00000 0.00125
vn -0.86653 -0.29761 -0.40069
vn -0.50087 -0.51548 -0.69527
vn -0.00100 -0.59523 -0.80355
vn 0.49913 -0.51548 -0.69652
vn 0.86552 -0.29761 -0.40286
vn 1.00000 -0.00000 -0.00125
vn 0.86653 0.29761 0.40069
vn 0.50087 0.51548 0.69527
vn 0.00100 0.59523 0.80355
vn 0.09246 0.61276 0.78484
vn -0.41649 0.53066 0.73820
vn -0.81384 0.30638 0.49375
vn -0.99313 0.00000 0.11700
vn -0.90631 -0.30638 -0.29109
vn -0.57664 -0.53066 -0.62119
vn -0.09246 -0.61276 -0.78484
vn 0.41649 -0.53066 -0.73820
vn 0.81384 -0.30638 -0.49375
vn 0.99313 -0.00000 -0.11700
vn 0.90631 0.30638 0.29109
vn 0.57664 0.53066 0.62119
vn 0.09246 0.61276 0.78484
vn 0.14921 0.65905 0.73715
vn -0.36084 0.57076 0.73758
vn -0.77421 0.32953 0.54039
vn -0.98012 0.00000 0.19839
vn -0.92342 -0.32953 -0.19676
vn -0.61928 -0.57076 -0.53919
vn -0.14921 -0.65905 -0.73715
vn 0.36084 -0.57076 -0.73758
vn 0.77421 -0.32953 -0.54039
vn 0.98012 -0.00000 -0.19839
vn 0.92342 0.32953 0.19676
vn 0.61928 0.57076 0.53919
vn 0.14921 0.65905 0.73715
vn 0.16120 0.72169 0.67319
vn -0.34665 0.62500 0.69943
vn -0.76162 0.36085 0.53827
vn -0.97251 0.00000 0.23287
vn -0.92282 -0.36085 -0.13492
vn -0.62586 -0.62500 -0.46656
vn -0.16120 -0.72169 -0.67319
vn 0.34665 -0.62500 -0.69943
vn 0.76162 -0.36085 -0.53827
vn 0.97251 -0.00000 -0.23287
vn 0.92282 0.36085 0.13492
vn 0.62586 0.62500 0.46656
vn 0.16120 0.72169 0.67319
vn 0.13817 0.78837 0.59948
vn -0.36757 0.68275 0.63146
vn -0.77481 0.39419 0.49425
vn -0.97445 0.00000 0.22460
vn -0.91299 -0.39419 -0.10523
vn -0.60689 -0.68275 -0.40687
vn -0.13817 -0.78837 -0.59948
vn 0.36757 -0.68275 -0.63146
vn 0.77481 -0.39419 -0.49425
vn 0.97445 -0.00000 -0.22460
vn 0.91299 0.39419 0.10523
vn 0.60689 0.68275 0.40687
vn 0.13817 0.78837 0.59948
vn 0.09593 0.85035 0.51739
vn -0.40854 0.73643 0.53923
vn -0.80355 0.42518 0.41658
vn -0.98324 0.00000 0.18230
vn -0.89948 -0.42518 -0.10081
vn -0.57470 -0.73643 -0.35692
vn -0.09593 -0.85035 -0.51739
vn 0.40854 -0.73643 -0.53923
vn 0.80355 -0.42518 -0.41658
vn 0.98324 -0.00000 -0.18230
vn 0.89948 0.42518 0.10081
vn 0.57470 0.73643 0.35692
vn 0.09593 0.85035 0.51739
vn 0.04899 0.90268 0.42751
vn -0.45432 0.78174 0.42716
vn -0.83590 0.45134 0.31236
vn -0.99350 0.00000 0.11385
vn -0.88489 -0.45134 -0.11516
vn -0.53918 -0.78174 -0.31331
vn -0.04899 -0.90268 -0.42751
vn 0.45432 -0.78174 -0.42716
vn 0.83590 -0.45134 -0.31236
vn 0.99350 -0.00000 -0.11385
vn 0.88489 0.45134 0.11516
vn 0.53918 0.78174 0.31331
vn 0.04899 0.90268 0.42751
vn 0.00844 0.94329 0.33185
vn -0.49253 0.81692 0.30010
vn -0.86153 0.47165 0.18794
vn -0.99968 0.00000 0.02542
vn -0.86997 -0.47165 -0.14391
vn -0.50715 -0.81692 -0.27468
vn -0.00844 -0.94329 -0.33185
vn 0.49253 -0.81692 -0.30010
vn 0.86153 -0.47165 -0.18794
vn 0.99968 -0.00000 -0.02542
vn 0.86997 0.47165 0.14391
vn 0.50715 0.81692 0.27468
vn 0.00844 0.94329 0.33185
vn -0.01830 0.97205 0.23404
vn -0.51433 0.84182 0.16370
vn -0.87254 0.48603 0.04949
vn -0.99696 0.00000 -0.07797
vn -0.85424 -0.48603 -0.18454
vn -0.48263 -0.84182 -0.24167
vn 0.01830 -0.97205 -0.23404
vn 0.51433 -0.84182 -0.16370
vn 0.87254 -0.48603 -0.04949
vn 0.99696 -0.00000 0.07797
vn 0.85424 0.48603 0.18454
vn 0.48263 0.84182 0.24167
vn -0.01830 0.97205 0.23404
vn -0.02714 0.98995 0.13877
vn -0.51421 0.85732 0.02421
vn -0.86349 0.49498 -0.09684
vn -0.98141 0.00000 -0.19194
vn -0.83635 -0.49498 -0.23561
vn -0.46720 -0.85732 -0.21615
vn 0.02714 -0.98995 -0.13877
vn 0.51421 -0.85732 -0.02421
vn 0.86349 -0.49498 0.09684
vn 0.98141 -0.00000 0.19194
vn 0.83635 0.49498 0.23561
vn 0.46720 0.85732 0.21615
vn -0.02714 0.98995 0.13877
vn -0.01680 0.99855 0.05110
vn -0.48954 0.86477 -0.11190
vn -0.83111 0.49928 -0.24492
vn -0.94998 0.00000 -0.31231
vn -0.81431 -0.49928 -0.29601
vn -0.46044 -0.86477 -0.20041
vn 0.01680 -0.99855 -0.05110
vn 0.48954 -0.86477 0.11190
vn 0.83111 -0.49928 0.24492
vn 0.94998 -0.00000 0.31231
vn 0.81431 0.49928 0.29601
vn 0.46044 0.86477 0.20041
vn -0.01680 0.99855 0.05110
vn 0.01169 0.99964 -0.02420
vn -0.44011 0.86571 -0.23843
vn -0.77398 0.49982 -0.38877
vn -0.90046 0.00000 -0.43494
vn -0.78566 -0.49982 -0.36457
vn -0.46035 -0.86571 -0.19652
vn -0.01169 -0.99964 0.02420
vn 0.44011 -0.86571 0.23843
vn 0.77398 -0.49982 0.38877
vn 0.90046 -0.00000 0.43494
vn 0.78566 0.49982 0.36457
vn 0.46035 0.86571 0.19652
vn 0.01169 0.99964 -0.02420
vn 0.05549 0.99500 -0.08305
vn -0.36766 0.86169 -0.34972
vn -0.69231 0.49750 -0.52269
vn -0.83145 0.00000 -0.55561
vn -0.74780 -0.49750 -0.43965
vn -0.46378 -0.86169 -0.20588
vn -0.05549 -0.99500 0.08305
vn 0.36766 -0.86169 0.34972
vn 0.69231 -0.49750 0.52269
vn 0.83145 -0.00000 0.55561
vn 0.74780 0.49750 0.43965
vn 0.46378 0.86169 0.20588
vn 0.05549 0.99500 -0.08305
vn 0.11049 0.98631 -0.12244
vn -0.27551 0.85417 -0.44102
vn -0.58769 0.49315 -0.64142
vn -0.74239 0.00000 -0.66996
vn -0.69818 -0.49315 -0.51899
vn -0.46688 -0.85417 -0.22895
vn -0.11049 -0.98631 0.12244
vn 0.27551 -0.85417 0.44102
vn 0.58769 -0.49315 0.64142
vn 0.74239 -0.00000 0.66996
vn 0.69818 0.49315 0.51899
vn 0.46688 0.85417 0.22895
vn 0.11049 0.98631 -0.12244
vn 0.17169 0.97506 -0.14063
vn -0.16814 0.84443 -0.50860
vn -0.46291 0.48753 -0.74029
vn -0.63365 0.00000 -0.77362
vn -0.63460 -0.48753 -0.59966
vn -0.46551 -0.84443 -0.26502
vn -0.17169 -0.97506 0.14063
vn 0.16814 -0.84443 0.50860
vn 0.46291 -0.48753 0.74029
vn 0.63365 -0.00000 0.77362
vn 0.63460 0.48753 0.59966
vn 0.46551 0.84443 0.26502
vn 0.17169 0.97506 -0.14063
vn 0.23367 0.96258 -0.13727
vn -0.05090 0.83362 -0.54999
vn -0.32182 0.48129 -0.81535
vn -0.50651 0.00000 -0.86223
vn -0.55549 -0.48129 -0.67808
vn -0.45562 -0.83362 -0.31224
vn -0.23367 -0.96258 0.13727
vn 0.05090 -0.83362 0.54999
vn 0.32182 -0.48129 0.81535
vn 0.50651 -0.00000 0.86223
vn 0.55549 0.48129 0.67808
vn 0.45562 0.83362 0.31224
vn 0.23367 0.96258 -0.13727
vn 0.29099 0.94998 -0.11346
vn 0.07036 0.82270 -0.56410
vn -0.16911 0.47499 -0.86359
vn -0.36327 0.00000 -0.93168
vn -0.46010 -0.47499 -0.75013
vn -0.43364 -0.82270 -0.36758
vn -0.29099 -0.94998 0.11346
vn -0.07036 -0.82270 0.56410
vn 0.16911 -0.47499 0.86359
vn 0.36327 -0.00000 0.93168
vn 0.46010 0.47499 0.75013
vn 0.43364 0.82270 0.36758
vn 0.29099 0.94998 -0.11346
vn 0.33860 0.93819 -0.07172
vn 0.18963 0.81250 -0.55126
vn -0.01015 0.46910 -0.88309
vn -0.20721 0.00000 -0.97830
vn -0.34875 -0.46910 -0.81137
vn -0.39685 -0.81250 -0.42704
vn -0.33860 -0.93819 0.07172
vn -0.18963 -0.81250 0.55126
vn 0.01015 -0.46910 0.88309
vn 0.20721 -0.00000 0.97830
vn 0.34875 0.46910 0.81137
vn 0.39685 0.81250 0.42704
vn 0.33860 0.93819 -0.07172
vn 0.37227 0.92799 -0.01585
vn 0.30113 0.80366 -0.51327
vn 0.14930 0.46400 -0.87317
vn -0.04253 0.00000 -0.99910
vn -0.22297 -0.46400 -0.85732
vn -0.34366 -0.80366 -0.48582
vn -0.37227 -0.92799 0.01585
vn -0.30113 -0.80366 0.51327
vn -0.14930 -0.46400 0.87317
vn 0.04253 -0.00000 0.99910
vn 0.22297 0.46400 0.85732
vn 0.34366 0.80366 0.48582
vn 0.37227 0.92799 -0.01585
vn 0.38887 0.91997 0.04931
vn 0.39967 0.79672 -0.45333
vn 0.30337 0.45999 -0.83449
vn 0.12579 0.00000 -0.99206
vn -0.08550 -0.45999 -0.88380
vn -0.27388 -0.79672 -0.53873
vn -0.38887 -0.91997 -0.04931
vn -0.39967 -0.79672 0.45333
vn -0.30337 -0.45999 0.83449
vn -0.12579 -0.00000 0.99206
vn 0.08550 0.45999 0.88380
vn 0.27388 0.79672 0.53873
vn 0.38887 0.91997 0.04931
vn 0.38676 0.91457 0.11819
vn 0.48107 0.79204 -0.37581
vn 0.44648 0.45729 -0.76912
vn 0.29225 0.00000 -0.95634
vn 0.05972 -0.45729 -0.88731
vn -0.18882 -0.79204 -0.58053
vn -0.38676 -0.91457 -0.11819
vn -0.48107 -0.79204 0.37581
vn -0.44648 -0.45729 0.76912
vn -0.29225 -0.00000 0.95634
vn -0.05972 0.45729 0.88731
vn 0.18882 0.79204 0.58053
vn 0.38676 0.91457 0.11819
vn 0.36591 0.91208 0.18499
vn 0.54247 0.78989 -0.28601
vn 0.57369 0.45604 -0.68038
vn 0.45118 0.00000 -0.89243
vn 0.20778 -0.45604 -0.86536
vn -0.09130 -0.78989 -0.60642
vn -0.36591 -0.91208 -0.18499
vn -0.54247 -0.78989 0.28601
vn -0.57369 -0.45604 0.68038
vn -0.45118 -0.00000 0.89243
vn -0.20778 0.45604 0.86536
vn 0.09130 0.78989 0.60642
vn 0.36591 0.91208 0.18499
vn 0.32794 0.91262 0.24409
vn 0.58254 0.79035 -0.18971
vn 0.68105 0.45631 -0.57267
vn 0.59707 0.00000 -0.80219
vn 0.35311 -0.45631 -0.81676
vn 0.01453 -0.79035 -0.61248
vn -0.32794 -0.91262 -0.24409
vn -0.58254 -0.79035 0.18971
vn -0.68105 -0.45631 0.57267
vn -0.59707 -0.00000 0.80219
vn -0.35311 0.45631 0.81676
vn -0.01453 0.79035 0.61248
vn 0.32794 0.91262 0.24409
vn 0.27605 0.91616 0.29059
vn 0.60157 0.79342 -0.09270
vn 0.76591 0.45808 -0.45116
vn 0.72502 0.00000 -0.68872
vn 0.48987 -0.45808 -0.74175
vn 0.12345 -0.79342 -0.59602
vn -0.27605 -0.91616 -0.29059
vn -0.60157 -0.79342 0.09270
vn -0.76591 -0.45808 0.45116
vn -0.72502 -0.00000 0.68872
vn -0.48987 0.45808 0.74175
vn -0.12345 0.79342 0.59602
vn 0.27605 0.91616 0.29059
vn 0.21466 0.92253 0.32073
vn 0.60142 0.79893 -0.00035
vn 0.82703 0.46126 -0.32133
vn 0.83104 0.00000 -0.55621
vn 0.61237 -0.46126 -0.64206
vn 0.22962 -0.79893 -0.55586
vn -0.21466 -0.92253 -0.32073
vn -0.60142 -0.79893 0.00035
vn -0.82703 -0.46126 0.32133
vn -0.83104 -0.00000 0.55621
vn -0.61237 0.46126 0.64206
vn -0.22962 0.79893 0.55586
vn 0.21466 0.92253 0.32073
vn 0.14910 0.93138 0.33213
vn 0.58527 0.80660 0.08286
vn 0.86462 0.46569 -0.18861
vn 0.91229 0.00000 -0.40955
vn 0.71552 -0.46569 -0.52074
vn 0.32702 -0.80660 -0.49240
vn -0.14910 -0.93138 -0.33213
vn -0.58527 -0.80660 -0.08286
vn -0.86462 -0.46569 0.18861
vn -0.91229 -0.00000 0.40955
vn -0.71552 0.46569 0.52074
vn -0.32702 0.80660 0.49240
vn 0.14910 0.93138 0.33213
vn 0.08509 0.94221 0.32402
vn 0.55729 0.81598 0.15361
vn 0.88017 0.47111 -0.05796
vn 0.96720 0.00000 -0.25400
vn 0.79508 -0.47111 -0.38198
vn 0.40991 -0.81598 -0.40761
vn -0.08509 -0.94221 -0.32402
vn -0.55729 -0.81598 -0.15361
vn -0.88017 -0.47111 0.05796
vn -0.96720 -0.00000 0.25400
vn -0.79508 0.47111 0.38198
vn -0.40991 0.81598 0.40761
vn 0.08509 0.94221 0.32402
vn 0.02832 0.95438 0.29723
vn 0.52227 0.82652 0.20998
vn 0.87628 0.47719 0.06647
vn 0.99549 0.00000 -0.09486
vn 0.84796 -0.47719 -0.23077
vn 0.47322 -0.82652 -0.30484
vn -0.02832 -0.95438 -0.29723
vn -0.52227 -0.82652 -0.20998
vn -0.87628 -0.47719 -0.06647
vn -0.99549 -0.00000 0.09486
vn -0.84796 0.47719 0.23077
vn -0.47322 0.82652 0.30484
vn 0.02832 0.95438 0.29723
vn -0.01600 0.96706 0.25404
vn 0.48515 0.83750 0.25144
vn 0.85631 0.48353 0.18147
vn 0.99802 0.00000 0.06288
vn 0.87231 -0.48353 -0.07257
vn 0.51287 -0.83750 -0.18857
vn 0.01600 -0.96706 -0.25404
vn -0.48515 -0.83750 -0.25144
vn -0.85631 -0.48353 -0.18147
vn -0.99802 -0.00000 -0.06288
vn -0.87231 0.48353 0.07257
vn -0.51287 0.83750 0.18857
vn -0.01600 0.96706 0.25404
vn -0.04352 0.97925 0.19795
vn 0.45064 0.84805 0.27880
vn 0.82406 0.48962 0.28494
vn 0.97667 0.00000 0.21474
vn 0.86758 -0.48962 0.08699
vn 0.52603 -0.84805 -0.06406
vn 0.04352 -0.97925 -0.19795
vn -0.45064 -0.84805 -0.27880
vn -0.82406 -0.48962 -0.28494
vn -0.97667 -0.00000 -0.21474
vn -0.86758 0.48962 -0.08699
vn -0.52603 0.84805 0.06406
vn -0.04352 0.97925 0.19795
vn -0.05098 0.98975 0.13343
vn 0.42291 0.85715 0.29402
vn 0.78349 0.49487 0.37583
vn 0.93413 0.00000 0.35694
vn 0.83447 -0.49487 0.24240
vn 0.51122 -0.85715 0.06292
vn 0.05098 -0.98975 -0.13343
vn -0.42291 -0.85715 -0.29402
vn -0.78349 -0.49487 -0.37583
vn -0.93413 -0.00000 -0.35694
vn -0.83447 0.49487 -0.24240
vn -0.51122 0.85715 -0.06292
vn -0.05098 0.98975 0.13343
vn -0.03646 0.99719 0.06549
vn 0.40527 0.86359 0.29995
vn 0.73842 0.49859 0.45403
vn 0.87370 0.00000 0.48646
vn 0.77488 -0.49859 0.38854
vn 0.46843 -0.86359 0.18651
vn 0.03646 -0.99719 -0.06549
vn -0.40527 -0.86359 -0.29995
vn -0.73842 -0.49859 -0.45403
vn -0.87370 -0.00000 -0.48646
vn -0.77488 0.49859 -0.38854
vn -0.46843 0.86359 -0.18651
vn -0.03646 0.99719 0.06549
vn 0.00049 1.00000 -0.00065
vn 0.40001 0.86603 0.29998
vn 0.69236 0.50000 0.52023
vn 0.79918 0.00000 0.60109
vn 0.69187 -0.50000 0.52088
vn 0.39917 -0.86603 0.30110
vn -0.00049 -1.00000 0.00065
vn -0.40001 -0.86603 -0.29998
vn -0.69236 -0.50000 -0.52023
vn -0.79918 -0.00000 -0.60109
vn -0.69187 0.50000 -0.52088
vn -0.39917 0.86603 -0.30110
vn 0.00049 1.00000 -0.00065
vn 0.05877 0.99646 -0.06006
vn 0.40826 0.86296 0.29769
vn 0.64835 0.49823 0.57568
vn 0.71472 0.00000 0.69941
vn 0.58958 -0.49823 0.63574
vn 0.30646 -0.86296 0.40172
vn -0.05877 -0.99646 0.06006
vn -0.40826 -0.86296 -0.29769
vn -0.64835 -0.49823 -0.57568
vn -0.71472 -0.00000 -0.69941
vn -0.58958 0.49823 -0.63574
vn -0.30646 0.86296 -0.40172
vn 0.05877 0.99646 -0.06006
vn 0.13574 0.98477 -0.10862
vn 0.42994 0.85284 0.29633
vn 0.60895 0.49239 0.62188
vn 0.62478 0.00000 0.78080
vn 0.47321 -0.49239 0.73050
vn 0.19484 -0.85284 0.48446
vn -0.13574 -0.98477 0.10862
vn -0.42994 -0.85284 -0.29633
vn -0.60895 -0.49239 -0.62188
vn -0.62478 -0.00000 -0.78080
vn -0.47321 0.49239 -0.73050
vn -0.19484 0.85284 -0.48446
vn 0.13574 0.98477 -0.10862
vn 0.22724 0.96319 -0.14361
vn 0.46391 0.83415 0.29831
vn 0.57627 0.48160 0.66029
vn 0.53422 0.00000 0.84535
vn 0.34902 -0.48160 0.80390
vn 0.07031 -0.83415 0.54704
vn -0.22724 -0.96319 0.14361
vn -0.46391 -0.83415 -0.29831
vn -0.57627 -0.48160 -0.66029
vn -0.53422 -0.00000 -0.84535
vn -0.34902 0.48160 -0.80390
vn -0.07031 0.83415 -0.54704
vn 0.22724 0.96319 -0.14361
vn 0.32785 0.93031 -0.16445
vn 0.50810 0.80567 0.30452
vn 0.55220 0.46515 0.69188
vn 0.44834 0.00000 0.89386
vn 0.22435 -0.46515 0.85633
vn -0.05976 -0.80567 0.58934
vn -0.32785 -0.93031 0.16445
vn -0.50810 -0.80567 -0.30452
vn -0.55220 -0.46515 -0.69188
vn -0.44834 -0.00000 -0.89386
vn -0.22435 0.46515 -0.85633
vn 0.05976 0.80567 -0.58934
vn 0.32785 0.93031 -0.16445
vn 0.43114 0.88545 -0.17345
vn 0.56000 0.76683 0.31365
vn 0.53880 0.44273 0.71672
vn 0.37324 0.00000 0.92774
vn 0.10766 -0.44273 0.89017
vn -0.18676 -0.76683 0.61408
vn -0.43114 -0.88545 0.17345
vn -0.56000 -0.76683 -0.31365
vn -0.53880 -0.44273 -0.71672
vn -0.37324 -0.00000 -0.92774
vn -0.10766 0.44273 -0.89017
vn 0.18676 0.76683 -0.61408
vn 0.43114 0.88545 -0.17345
vn 0.53008 0.82935 -0.17661
vn 0.61711 0.71824 0.32142
vn 0.53878 0.41468 0.73332
vn 0.31609 0.00000 0.94873
vn 0.00870 -0.41468 0.90993
vn -0.30102 -0.71824 0.62731
vn -0.53008 -0.82935 0.17661
vn -0.61711 -0.71824 -0.32142
vn -0.53878 -0.41468 -0.73332
vn -0.31609 -0.00000 -0.94873
vn -0.00870 0.41468 -0.90993
vn 0.30102 0.71824 -0.62731
vn 0.53008 0.82935 -0.17661
vn 0.61726 0.76496 -0.18393
vn 0.67735 0.66247 0.31989
vn 0.55594 0.38248 0.73800
vn 0.28557 0.00000 0.95836
vn -0.06132 -0.38248 0.92193
vn -0.39178 -0.66247 0.63847
vn -0.61726 -0.76496 0.18393
vn -0.67735 -0.66247 -0.31989
vn -0.55594 -0.38248 -0.73800
vn -0.28557 -0.00000 -0.95836
vn 0.06132 0.38248 -0.92193
vn 0.39178 0.66247 -0.63847
vn 0.61726 0.76496 -0.18393
vn 0.68456 0.69850 -0.20851
vn 0.73853 0.60492 0.29773
vn 0.59461 0.34925 0.72420
vn 0.29137 0.00000 0.95661
vn -0.08995 -0.34925 0.93270
vn -0.44716 -0.60492 0.65888
vn -0.68456 -0.69850 0.20851
vn -0.73853 -0.60492 -0.29773
vn -0.59461 -0.34925 -0.72420
vn -0.29137 -0.00000 -0.95661
vn 0.08995 0.34925 -0.93270
vn 0.44716 0.60492 -0.65888
vn 0.68456 0.69850 -0.20851
vn 0.72226 0.64011 -0.26191
vn 0.79595 0.55435 0.24322
vn 0.65637 0.32006 0.68319
vn 0.34091 0.00000 0.94010
vn -0.06589 -0.32006 0.94510
vn -0.45504 -0.55435 0.69687
vn -0.72226 -0.64011 0.26191
vn -0.79595 -0.55435 -0.24322
vn -0.65637 -0.32006 -0.68319
vn -0.34091 -0.00000 -0.94010
vn 0.06589 0.32006 -0.94510
vn 0.45504 0.55435 -0.69687
vn 0.72226 0.64011 -0.26191
vn 0.72024 0.60276 -0.34341
vn 0.83894 0.52201 0.15392
vn 0.73285 0.30138 0.61001
vn 0.43039 0.00000 0.90264
vn 0.01261 -0.30138 0.95342
vn -0.40855 -0.52201 0.74873
vn -0.72024 -0.60276 0.34341
vn -0.83894 -0.52201 -0.15392
vn -0.73285 -0.30138 -0.61001
vn -0.43039 -0.00000 -0.90264
vn -0.01261 0.30138 -0.95342
vn 0.40855 0.52201 -0.74873
vn 0.72024 0.60276 -0.34341
vn 0.67716 0.59731 -0.42973
vn 0.85435 0.51729 0.05000
vn 0.80262 0.29866 0.51634
vn 0.53582 0.00000 0.84433
vn 0.12545 -0.29866 0.94608
vn -0.31853 -0.51729 0.79433
vn -0.67716 -0.59731 0.42973
vn -0.85435 -0.51729 -0.05000
vn -0.80262 -0.29866 -0.51634
vn -0.53582 -0.00000 -0.84433
vn -0.12545 0.29866 -0.94608
vn 0.31853 0.51729 -0.79433
vn 0.67716 0.59731 -0.42973
vn 0.60997 0.62554 -0.48645
vn 0.84000 0.54174 -0.03037
vn 0.84496 0.31277 0.43385
vn 0.62351 0.00000 0.78182
vn 0.23499 -0.31277 0.92030
vn -0.21650 -0.54174 0.81219
vn -0.60997 -0.62554 0.48645
vn -0.84000 -0.54174 0.03037
vn -0.84496 -0.31277 -0.43385
vn -0.62351 -0.00000 -0.78182
vn -0.23499 0.31277 -0.92030
vn 0.21650 0.54174 -0.81219
vn 0.60997 0.62554 -0.48645
vn 0.54210 0.67878 -0.49537
vn 0.80676 0.58784 -0.05990
vn 0.85525 0.33939 0.39162
vn 0.67458 0.00000 0.73820
vn 0.31315 -0.33939 0.88699
vn -0.13218 -0.58784 0.79811
vn -0.54210 -0.67878 0.49537
vn -0.80676 -0.58784 0.05990
vn -0.85525 -0.33939 -0.39162
vn -0.67458 -0.00000 -0.73820
vn -0.31315 0.33939 -0.88699
vn 0.13218 0.58784 -0.79811
vn 0.54210 0.67878 -0.49537
vn 0.48422 0.74398 -0.46045
vn 0.76390 0.64431 -0.03643
vn 0.83889 0.37199 0.39735
vn 0.68910 0.00000 0.72467
vn 0.35467 -0.37199 0.85781
vn -0.07480 -0.64431 0.76110
vn -0.48422 -0.74398 0.46045
vn -0.76390 -0.64431 0.03643
vn -0.83889 -0.37199 -0.39735
vn -0.68910 -0.00000 -0.72467
vn -0.35467 0.37199 -0.85781
vn 0.07480 0.64431 -0.76110
vn 0.48422 0.74398 -0.46045
vn 0.43354 0.80987 -0.39516
vn 0.71227 0.70137 0.02731
vn 0.80016 0.40494 0.44247
vn 0.67364 0.00000 0.73906
vn 0.36662 -0.40494 0.83763
vn -0.03864 -0.70137 0.71175
vn -0.43354 -0.80987 0.39516
vn -0.71227 -0.70137 -0.02731
vn -0.80016 -0.40494 -0.44247
vn -0.67364 -0.00000 -0.73906
vn -0.36662 0.40494 -0.83763
vn 0.03864 0.70137 -0.71175
vn 0.43354 0.80987 -0.39516
vn 0.38273 0.86902 -0.31356
vn 0.64833 0.75259 0.11523
vn 0.74020 0.43451 0.51313
vn 0.63374 0.00000 0.77355
vn 0.35747 -0.43451 0.82669
vn -0.01459 -0.75259 0.65832
vn -0.38273 -0.86902 0.31356
vn -0.64833 -0.75259 -0.11523
vn -0.74020 -0.43451 -0.51313
vn -0.63374 -0.00000 -0.77355
vn -0.35747 0.43451 -0.82669
vn 0.01459 0.75259 -0.65832
vn 0.38273 0.86902 -0.31356
vn 0.32589 0.91756 -0.22779
vn 0.56868 0.79463 0.21254
vn 0.65909 0.45878 0.59592
vn 0.57290 0.00000 0.81963
vn 0.33320 -0.45878 0.82371
vn 0.00422 -0.79463 0.60708
vn -0.32589 -0.91756 0.22779
vn -0.56868 -0.79463 -0.21254
vn -0.65909 -0.45878 -0.59592
vn -0.57290 -0.00000 -0.81963
vn -0.33320 0.45878 -0.82371
vn -0.00422 0.79463 -0.60708
vn 0.32589 0.91756 -0.22779
vn 0.26031 0.95417 -0.14766
vn 0.47214 0.82633 0.30702
vn 0.55745 0.47708 0.67944
vn 0.49340 0.00000 0.86980
vn 0.29714 -0.47708 0.82710
vn 0.02126 -0.82633 0.56278
vn -0.26031 -0.95417 0.14766
vn -0.47214 -0.82633 -0.30702
vn -0.55745 -0.47708 -0.67944
vn -0.49340 -0.00000 -0.86980
vn -0.29714 0.47708 -0.82710
vn -0.02126 0.82633 -0.56278
vn 0.26031 0.95417 -0.14766
vn 0.18640 0.97916 -0.08065
vn 0.35998 0.84798 0.38904
vn 0.43710 0.48958 0.75449
vn 0.39710 0.00000 0.91778
vn 0.25070 -0.48958 0.83514
vn 0.03712 -0.84798 0.52873
vn -0.18640 -0.97916 0.08065
vn -0.35998 -0.84798 -0.38904
vn -0.43710 -0.48958 -0.75449
vn -0.39710 -0.00000 -0.91778
vn -0.25070 0.48958 -0.83514
vn -0.03712 0.84798 -0.52873
vn 0.18640 0.97916 -0.08065
vn 0.10683 0.99377 -0.03187
vn 0.23546 0.86063 0.45153
vn 0.30100 0.49688 0.81395
vn 0.28588 0.00000 0.95826
vn 0.19416 -0.49688 0.84582
vn 0.05042 -0.86063 0.50673
vn -0.10683 -0.99377 0.03187
vn -0.23546 -0.86063 -0.45153
vn -0.30100 -0.49688 -0.81395
vn -0.28588 -0.00000 -0.95826
vn -0.19416 0.49688 -0.84582
vn -0.05042 0.86063 -0.50673
vn 0.10683 0.99377 -0.03187
vn 0.02574 0.99966 -0.00422
vn 0.10327 0.86573 0.48974
vn 0.15313 0.49983 0.85248
vn 0.16196 0.00000 0.98680
vn 0.12739 -0.49983 0.85670
vn 0.05869 -0.86573 0.49706
vn -0.02574 -0.99966 0.00422
vn -0.10327 -0.86573 -0.48974
vn -0.15313 -0.49983 -0.85248
vn -0.16196 -0.00000 -0.98680
vn -0.12739 0.49983 -0.85670
vn -0.05869 0.86573 -0.49706
vn 0.02574 0.99966 -0.00422
vn -0.05206 0.99864 0.00146
vn -0.03111 0.86485 0.50107
vn -0.00182 0.49932 0.86641
vn 0.02796 0.00000 0.99961
vn 0.05024 -0.49932 0.86496
vn 0.05906 -0.86485 0.49854
vn 0.05206 -0.99864 -0.00146
vn 0.03111 -0.86485 -0.50107
vn 0.00182 -0.49932 -0.86641
vn -0.02796 -0.00000 -0.99961
vn -0.05024 0.49932 -0.86496
vn -0.05906 0.86485 -0.49854
vn -0.05206 0.99864 0.00146
vn -0.12167 0.99247 -0.01383
vn -0.16186 0.85951 0.48482
vn -0.15868 0.49624 0.85356
vn -0.11298 0.00000 0.99360
vn -0.03701 -0.49624 0.86740
vn 0.04888 -0.85951 0.50878
vn 0.12167 -0.99247 0.01383
vn 0.16186 -0.85951 -0.48482
vn 0.15868 -0.49624 -0.85356
vn 0.11298 -0.00000 -0.99360
vn 0.03701 0.49624 -0.86740
vn -0.04888 0.85951 -0.50878
vn -0.12167 0.99247 -0.01383
vn -0.17860 0.98277 -0.04753
vn -0.28327 0.85111 0.44201
vn -0.31204 0.49139 0.81312
vn -0.25720 0.00000 0.96636
vn -0.13344 -0.49139 0.86066
vn 0.02607 -0.85111 0.52434
vn 0.17860 -0.98277 0.04753
vn 0.28327 -0.85111 -0.44201
vn 0.31204 -0.49139 -0.81312
vn 0.25720 -0.00000 -0.96636
vn 0.13344 0.49139 -0.86066
vn -0.02607 0.85111 -0.52434
vn -0.17860 0.98277 -0.04753
vn -0.21913 0.97098 -0.09580
vn -0.39006 0.84089 0.37517
vn -0.45647 0.48549 0.74561
vn -0.40057 0.00000 0.91626
vn -0.23734 -0.48549 0.84141
vn -0.01051 -0.84089 0.54110
vn 0.21913 -0.97098 0.09580
vn 0.39006 -0.84089 -0.37517
vn 0.45647 -0.48549 -0.74561
vn 0.40057 -0.00000 -0.91626
vn 0.23734 0.48549 -0.84141
vn 0.01051 0.84089 -0.54110
vn -0.21913 0.97098 -0.09580
vn -0.24066 0.95834 -0.15383
vn -0.47770 0.82995 0.28807
vn -0.58674 0.47917 0.65278
vn -0.53857 0.00000 0.84258
vn -0.34608 -0.47917 0.80661
vn -0.06086 -0.82995 0.55451
vn 0.24066 -0.95834 0.15383
vn 0.47770 -0.82995 -0.28807
vn 0.58674 -0.47917 -0.65278
vn 0.53857 -0.00000 -0.84258
vn 0.34608 0.47917 -0.80661
vn 0.06086 0.82995 -0.55451
vn -0.24066 0.95834 -0.15383
vn -0.24188 0.94592 -0.21619
vn -0.54268 0.81919 0.18556
vn -0.69807 0.47296 0.53760
vn -0.66641 0.00000 0.74558
vn -0.45619 -0.47296 0.75379
vn -0.12373 -0.81919 0.56002
vn 0.24188 -0.94592 0.21619
vn 0.54268 -0.81919 -0.18556
vn 0.69807 -0.47296 -0.53760
vn 0.66641 -0.00000 -0.74558
vn 0.45619 0.47296 -0.75379
vn 0.12373 0.81919 -0.56002
vn -0.24188 0.94592 -0.21619
vn -0.22293 0.93458 -0.27723
vn -0.58271 0.80937 0.07323
vn -0.78636 0.46729 0.40408
vn -0.77930 0.00000 0.62665
vn -0.56343 -0.46729 0.68131
vn -0.19659 -0.80937 0.55342
vn 0.22293 -0.93458 0.27723
vn 0.58271 -0.80937 -0.07323
vn 0.78636 -0.46729 -0.40408
vn 0.77930 -0.00000 -0.62665
vn 0.56343 0.46729 -0.68131
vn 0.19659 0.80937 -0.55342
vn -0.22293 0.93458 -0.27723
vn -0.18549 0.92505 -0.33148
vn -0.59697 0.80112 -0.04291
vn -0.84849 0.46253 0.25716
vn -0.87266 0.00000 0.48832
vn -0.66301 -0.46253 0.58864
vn -0.27570 -0.80112 0.53123
vn 0.18549 -0.92505 0.33148
vn 0.59697 -0.80112 0.04291
vn 0.84849 -0.46253 -0.25716
vn 0.87266 -0.00000 -0.48832
vn 0.66301 0.46253 -0.58864
vn 0.27570 0.80112 -0.53123
vn -0.18549 0.92505 -0.33148
vn -0.13267 0.91786 -0.37407
vn -0.58613 0.79489 -0.15682
vn -0.88255 0.45893 0.10245
vn -0.94248 0.00000 0.33426
vn -0.74988 -0.45893 0.47651
vn -0.35635 -0.79489 0.49108
vn 0.13267 -0.91786 0.37407
vn 0.58613 -0.79489 0.15682
vn 0.88255 -0.45893 -0.10245
vn 0.94248 -0.00000 -0.33426
vn 0.74988 0.45893 -0.47651
vn 0.35635 0.79489 -0.49108
vn -0.13267 0.91786 -0.37407
vn -0.06883 0.91341 -0.40118
vn -0.55241 0.79104 -0.26287
vn -0.88797 0.45671 -0.05413
vn -0.98560 0.00000 0.16911
vn -0.81913 -0.45671 0.34704
vn -0.43319 -0.79104 0.43198
vn 0.06883 -0.91341 0.40118
vn 0.55241 -0.79104 0.26287
vn 0.88797 -0.45671 0.05413
vn 0.98560 -0.00000 -0.16911
vn 0.81913 0.45671 -0.34704
vn 0.43319 0.79104 -0.43198
vn -0.06883 0.91341 -0.40118
vn 0.00072 0.91192 -0.41036
vn -0.49938 0.78975 -0.35626
vn -0.86567 0.45596 -0.20670
vn -1.00000 0.00000 -0.00175
vn -0.86638 -0.45596 0.20367
vn -0.50062 -0.78975 0.35451
vn -0.00072 -0.91192 0.41036
vn 0.49938 -0.78975 0.35626
vn 0.86567 -0.45596 0.20670
vn 1.00000 -0.00000 0.00175
vn 0.86638 0.45596 -0.20367
vn 0.50062 0.78975 -0.35451
vn 0.00072 0.91192 -0.41036
f 1/1/1 2/2/2 15/15/15 14/14/14
f 2/2/2 3/3/3 16/16/16 15/15/15
f 3/3/3 4/4/4 17/17/17 16/16/16
f 4/4/4 5/5/5 18/18/18 17/17/17
f 5/5/5 6/6/6 19/19/19 18/18/18
f 6/6/6 7/7/7 20/20/20 19/19/19
f 7/7/7 8/8/8 21/21/21 20/20/20
f 8/8/8 9/9/9 22/22/22 21/21/21
f 9/9/9 10/10/10 23/23/23 22/22/22
f 10/10/10 11/11/11 24/24/24 23/23/23
f 11/11/11 12/12/12 25/25/25 24/24/24
f 12/12/12 13/13/13 26/26/26 25/25/25
f 14/14/14 15/15/15 28/28/28 27/27/27
f 15/15/15 16/16/16 29/29/29 28/28/28
f 16/16/16 17/17/17 30/30/30 29/29/29
f 17/17/17 18/18/18 31/31/31 30/30/30
f 18/18/18 19/19/19 32/32/32 31/31/31
f 19/19/19 20/20/20 33/33/33 32/32/32
f 20/20/20 21/21/21 34/34/34 33/33/33
f 21/21/21 22/22/22 35/35/35 34/34/34
f 22/22/22 23/23/23 36/36/36 35/35/35
f 23/23/23 24/24/24 37/37/37 36/36/36
f 24/24/24 25/25/25 38/38/38 37/37/37
f 25/25/25 26/26/26 39/39/39 38/38/38
f 27/27/27 28/28/28 41/41/41 40/40/40
f 28/28/28 29/29/29 42/42/42 41/41/41
f 29/29/29 30/30/30 43/43/43 42/42/42
f 30/30/30 31/31/31 44/44/44 43/43/43
f 31/31/31 32/32/32 45/45/45 44/44/44
f 32/32/32 33/33/33 46/46/46 45/45/45
f 33/33/33 34/34/34 47/47/47 46/46/46
f 34/34/34 35/35/35 48/48/48 47/47/47
f 35/35/35 36/36/36 49/49/49 48/48/48
f 36/36/36 37/37/37 50/50/50 49/49/49
f 37/37/37 38/38/38 51/51/51 50/50/50
f 38/38/38 39/39/39 52/52/52 51/51/51
f 40/40/40 41/41/41 54/54/54 53/53/53
f 41/41/41 42/42/42 55/55/55 54/54/54
f 42/42/42 43/43/43 56/56/56 55/55/55
f 43/43/43 44/44/44 57/57/57 56/56/56
f 44/44/44 45/45/45 58/58/58 57/57/57
f 45/45/45 46/46/46 59/59/59 58/58/58
f 46/46/46 47/47/47 60/60/60 59/59/59
f 47/47/47 48/48/48 61/61/61 60/60/60
f 48/48/48 49/49/49 62/62/62 61/61/61
f 49/49/49 50/50/50 63/63/63 62/62/62
f 50/50/50 51/51/51 64/64/64 63/63/63
f 51/51/51 52/52/52 65/65/65 64/64/64
f 53/53/53 54/54/54 67/67/67 66/66/66
f 54/54/54 55/55/55 68/68/68 67/67/67
f 55/55/55 56/56/56 69/69/69 68/68/68
f 56/56/56 57/57/57 70/70/70 69/69/69
f 57/57/57 58/58/58 71/71/71 70/70/70
f 58/58/58 59/59/59 72/72/72 71/71/71
f 59/59/59 60/60/60 73/73/73 72/72/72
f 60/60/60 61/61/61 74/74/74 73/73/73
f 61/61/61 62/62/62 75/75/75 74/74/74
f 62/62/62 63/63/63 76/76/76 75/75/75
f 63/63/63 64/64/64 77/77/77 76/76/76
f 64/64/64 65/65/65 78/78/78 77/77/77
f 66/66/66 67/67/67 80/80/80 79/79/79
f 67/67/67 68/68/68 81/81/81 80/80/80
f 68/68/68 69/69/69 82/82/82 81/81/81
f 69/69/69 70/70/70 83/83/83 82/82/82
f 70/70/70 71/71/71 84/84/84 83/83/83
f 71/71/71 72/72/72 85/85/85 84/84/84
f 72/72/72 73/73/73 86/86/86 85/85/85
f 73/73/73 74/74/74 87/87/87 86/86/86
f 74/74/74 75/75/75 88/88/88 87/87/87
f 75/75/75 76/76/76 89/89/89 88/88/88
f 76/76/76 77/77/77 90/90/90 89/89/89
f 77/77/77 78/78/78 91/91/91 90/90/90
f 79/79/79 80/80/80 93/93/93 92/92/92
f 80/80/80 81/81/81 94/94/94 93/93/93
f 81/81/81 82/82/82 95/95/95 94/94/94
f 82/82/82 83/83/83 96/96/96 95/95/95
f 83/83/83 84/84/84 97/97/97 96/96/96
f 84/84/84 85/85/85 98/98/98 97/97/97
f 85/85/85 86/86/86 99/99/99 98/98/98
f 86/86/86 87/87/87 100/100/100 99/99/99
f 87/87/87 88/88/88 101/101/101 100/100/100
f 88/88/88 89/89/89 102/102/102 101/101/101
f 89/89/89 90/90/90 103/103/103 102/102/102
f 90/90/90 91/91/91 104/104/104 103/103/103
f 92/92/92 93/93/93 106/106/106 105/105/105
f 93/93/93 94/94/94 107/107/107 106/106/106
f 94/94/94 95/95/95 108/108/108 107/107/107
f 95/95/95 96/96/96 109/109/109 108/108/108
f 96/96/96 97/97/97 110/110/110 109/109/109
f 97/97/97 98/98/98 111/111/111 110/110/110
f 98/98/98 99/99/99 112/112/112 111/111/111
f 99/99/99 100/100/100 113/113/113 112/112/112
f 100/100/100 101/101/101 114/114/114 113/113/113
f 101/101/101 102/102/102 115/115/115 114/114/114
f 102/102/102 103/103/103 116/116/116 115/115/115
f 103/103/103 104/104/104 117/117/117 116/116/116
f 105/105/105 106/106/106 119/119/119 118/118/118
f 106/106/106 107/107/107 120/120/120 119/119/119
f 107/107/107 108/108/108 121/121/121 120/120/120
f 108/108/108 109/109/109 122/122/122 121/121/121
f 109/109/109 110/110/110 123/123/123 122/122/122
f 110/110/110 111/111/111 124/124/124 123/123/123
f 111/111/111 112/112/112 125/125/125 124/124/124
f 112/112/112 113/113/113 126/126/126 125/125/125
f 113/113/113 114/114/114 127/127/127 126/126/126
f 114/114/114 115/115/115 128/128/128 127/127/127
f 115/115/115 116/116/116 129/129/129 128/128/128
f 116/116/116 117/117/117 130/130/130 129/129/129
f 118/118/118 119/119/119 132/132/132 131/131/131
f 119/119/119 120/120/120 133/133/133 132/132/132
f 120/120/120 121/121/121 134/134/134 133/133/133
f 121/121/121 122/122/122 135/135/135 134/134/134
f 122/122/122 123/123/123 136/136/136 135/135/135
f 123/123/123 124/124/124 137/137/137 136/136/136
f 124/124/124 125/125/125 138/138/138 137/137/137
f 125/125/125 126/126/126 139/139/139 138/138/138
f 126/126/126 127/127/127 140/140/140 139/139/139
f 127/127/127 128/128/128 141/141/141 140/140/140
f 128/128/128 129/129/129 142/142/142 141/141/141
f 129/129/129 130/130/130 143/143/143 142/142/142
f 131/131/131 132/132/132 145/145/145 144/144/144
f 132/132/132 133/133/133 146/146/146 145/145/145
f 133/133/133 134/134/134 147/147/147 146/146/146
f 134/134/134 135/135/135 148/148/148 147/147/147
f 135/135/135 136/136/136 149/149/149 148/148/148
f 136/136/136 137/137/137 150/150/150 149/149/149
f 137/137/137 138/138/138 151/151/151 150/150/150
f 138/138/138 139/139/139 152/152/152 151/151/151
f 139/139/139 140/140/140 153/153/153 152/152/152
f 140/140/140 141/141/141 154/154/154 153/153/153
f 141/141/141 142/142/142 155/155/155 154/154/154
f 142/142/142 143/143/143 156/156/156 155/155/155
f 144/144/144 145/145/145 158/158/158 157/157/157
f 145/145/145 146/146/146 159/159/159 158/158/158
f 146/146/146 147/147/147 160/160/160 159/159/159
f 147/147/147 148/148/148 161/161/161 160/160/160
f 148/148/148 149/149/149 162/162/162 161/161/161
f 149/149/149 150/150/150 163/163/163 162/162/162
f 150/150/150 151/151/151 164/164/164 163/163/163
f 151/151/151 152/152/152 165/165/165 164/164/164
f 152/152/152 153/153/153 166/166/166 165/165/165
f 153/153/153 154/154/154 167/167/167 166/166/166
f 154/154/154 155/155/155 168/168/168 167/167/167
f 155/155/155 156/156/156 169/169/169 168/168/168
f 157/157/157 158/158/158 171/171/171 170/170/170
f 158/158/158 159/159/159 172/172/172 171/171/171
f 159/159/159 160/160/160 173/173/173 172/172/172
f 160/160/160 161/161/161 174/174/174 173/173/173
f 161/161/161 162/162/162 175/175/175 174/174/174
f 162/162/162 163/163/163 176/176/176 175/175/175
f 163/163/163 164/164/164 177/177/177 176/176/176
f 164/164/164 165/165/165 178/178/178 177/177/177
f 165/165/165 166/166/166 179/179/179 178/178/178
f 166/166/166 167/167/167 180/180/180 179/179/179
f 167/167/167 168/168/168 181/181/181 180/180/180
f 168/168/168 169/169/169 182/182/182 181/181/181
f 170/170/170 171/171/171 184/184/184 183/183/183
f 171/171/171 172/172/172 185/185/185 184/184/184
f 172/172/172 173/173/173 186/186/186 185/185/185
f 173/173/173 174/174/174 187/187/187 186/186/186
f 174/174/174 175/175/175 188/188/188 187/187/187
f 175/175/175 176/176/176 189/189/189 188/188/188
f 176/176/176 177/177/177 190/190/190 189/189/189
f 177/177/177 178/178/178 191/191/191 190/190/190
f 178/178/178 179/179/179 192/192/192 191/191/191
f 179/179/179 180/180/180 193/193/193 192/192/192
f 180/180/180 181/181/181 194/194/194 193/193/193
f 181/181/181 182/182/182 195/195/195 194/194/194
f 183/183/183 184/184/184 197/197/197 196/196/196
f 184/184/184 185/185/185 198/198/198 197/197/197
f 185/185/185 186/186/186 199/199/199 198/198/198
f 186/186/186 187/187/187 200/200/200 199/199/199
f 187/187/187 188/188/188 201/201/201 200/200/200
f 188/188/188 189/189/189 202/202/202 201/201/201
f 189/189/189 190/190/190 203/203/203 202/202/202
f 190/190/190 191/191/191 204/204/204 203/203/203
f 191/191/191 192/192/192 205/205/205 204/204/204
f 192/192/192 193/193/193 206/206/206 205/205/205
f 193/193/193 194/194/194 207/207/207 206/206/206
f 194/194/194 195/195/195 208/208/208 207/207/207
f 196/196/196 197/197/197 210/210/210 209/209/209
f 197/197/197 198/198/198 211/211/211 210/210/210
f 198/198/198 199/199/199 212/212/212 211/211/211
f 199/199/199 200/200/200 213/213/213 212/212/212
f 200/200/200 201/201/201 214/214/214 213/213/213
f 201/201/201 202/202/202 215/215/215 214/214/214
f 202/202/202 203/203/203 216/216/216 215/215/215
f 203/203/203 204/204/204 217/217/217 216/216/216
f 204/204/204 205/205/205 218/218/218 217/217/217
f 205/205/205 206/206/206 219/219/219 218/218/218
f 206/206/206 207/207/207 220/220/220 219/219/219
f 207/207/207 208/208/208 221/221/221 220/220/220
f 209/209/209 210/210/210 223/223/223 222/222/222
f 210/210/210 211/211/211 224/224/224 223/223/223
f 211/211/211 212/212/212 225/225/225 224/224/224
f 212/212/212 213/213/213 226/226/226 225/225/225
f 213/213/213 214/214/214 227/227/227 226/226/226
f 214/214/214 215/215/215 228/228/228 227/227/227
f 215/215/215 216/216/216 229/229/229 228/228/228
f 216/216/216 217/217/217 230/230/230 229/229/229
f 217/217/217 218/218/218 231/231/231 230/230/230
f 218/218/218 219/219/219 232/232/232 231/231/231
f 219/219/219 220/220/220 233/233/233 232/232/232
f 220/220/220 221/221/221 234/234/234 233/233/233
f 222/222/222 223/223/223 236/236/236 235/235/235
f 223/223/223 224/224/224 237/237/237 236/236/236
f 224/224/224 225/225/225 238/238/238 237/237/237
f 225/225/225 226/226/226 239/239/239 238/238/238
f 226/226/226 227/227/227 240/240/240 239/239/239
f 227/227/227 228/228/228 241/241/241 240/240/240
f 228/228/228 229/229/229 242/242/242 241/241/241
f 229/229/229 230/230/230 243/243/243 242/242/242
f 230/230/230 231/231/231 244/244/244 243/243/243
f 231/231/231 232/232/232 245/245/245 244/244/244
f 232/232/232 233/233/233 246/246/246 245/245/245
f 233/233/233 234/234/234 247/247/247 246/246/246
f 235/235/235 236/236/236 249/249/249 248/248/248
f 236/236/236 237/237/237 250/250/250 249/249/249
f 237/237/237 238/238/238 251/251/251 250/250/250
f 238/238/238 239/239/239 252/252/252 251/251/251
f 239/239/239 240/240/240 253/253/253 252/252/252
f 240/240/240 241/241/241 254/254/254 253/253/253
f 241/241/241 242/242/242 255/255/255 254/254/254
f 242/242/242 243/243/243 256/256/256 255/255/255
f 243/243/243 244/244/244 257/257/257 256/256/256
f 244/244/244 245/245/245 258/258/258 257/257/257
f 245/245/245 246/246/246 259/259/259 258/258/258
f 246/246/246 247/247/247 260/260/260 259/259/259
f 248/248/248 249/249/249 262/262/262 261/261/261
f 249/249/249 250/250/250 263/263/263 262/262/262
f 250/250/250 251/251/251 264/264/264 263/263/263
f 251/251/251 252/252/252 265/265/265 264/264/264
f 252/252/252 253/253/253 266/266/266 265/265/265
f 253/253/253 254/254/254 267/267/267 266/266/266
f 254/254/254 255/255/255 268/268/268 267/267/267
f 255/255/255 256/256/256 269/269/269 268/268/268
f 256/256/256 257/257/257 270/270/270 269/269/269
f 257/257/257 258/258/258 271/271/271 270/270/270
f 258/258/258 259/259/259 272/272/272 271/271/271
f 259/259/259 260/260/260 273/273/273 272/272/272
f 261/261/261 262/262/262 275/275/275 274/274/274
f 262/262/262 263/263/263 276/276/276 275/275/275
f 263/263/263 264/264/264 277/277/277 276/276/276
f 264/264/264 265/265/265 278/278/278 277/277/277
f 265/265/265 266/266/266 279/279/279 278/278/278
f 266/266/266 267/267/267 280/280/280 279/279/279
f 267/267/267 268/268/268 281/281/281 280/280/280
f 268/268/268 269/269/269 282/282/282 281/281/281
f 269/269/269 270/270/270 283/283/283 282/282/282
f 270/270/270 271/271/271 284/284/284 283/283/283
f 271/271/271 272/272/272 285/285/285 284/284/284
f 272/272/272 273/273/273 286/286/286 285/285/285
f 274/274/274 275/275/275 288/288/288 287/287/287
f 275/275/275 276/276/276 289/289/289 288/288/288
f 276/276/276 277/277/277 290/290/290 289/289/289
f 277/277/277 278/278/278 291/291/291 290/290/290
f 278/278/278 279/279/279 292/292/292 291/291/291
f 279/279/279 280/280/280 293/293/293 292/292/292
f 280/280/280 281/281/281 294/294/294 293/293/293
f 281/281/281 282/282/282 295/295/295 294/294/294
f 282/282/282 283/283/283 296/296/296 295/295/295
f 283/283/283 284/284/284 297/297/297 296/296/296
f 284/284/284 285/285/285 298/298/298 297/297/297
f 285/285/285 286/286/286 299/299/299 298/298/298
f 287/287/287 288/288/288 301/301/301 300/300/300
f 288/288/288 289/289/289 302/302/302 301/301/301
f 289/289/289 290/290/290 303/303/303 302/302/302
f 290/290/290 291/291/291 304/304/304 303/303/303
f 291/291/291 292/292/292 305/305/305 304/304/304
f 292/292/292 293/293/293 306/306/306 305/305/305
f 293/293/293 294/294/294 307/307/307 306/306/306
f 294/294/294 295/295/295 308/308/308 307/307/307
f 295/295/295 296/296/296 309/309/309 308/308/308
f 296/296/296 297/297/297 310/310/310 309/309/309
f 297/297/297 298/298/298 311/311/311 310/310/310
f 298/298/298 299/299/299 312/312/312 311/311/311
f 300/300/300 301/301/301 314/314/314 313/313/313
f 301/301/301 302/302/302 315/315/315 314/314/314
f 302/302/302 303/303/303 316/316/316 315/315/315
f 303/303/303 304/304/304 317/317/317 316/316/316
f 304/304/304 305/305/305 318/318/318 317/317/317
f 305/305/305 306/306/306 319/319/319 318/318/318
f 306/306/306 307/307/307 320/320/320 319/319/319
f 307/307/307 308/308/308 321/321/321 320/320/320
f 308/308/308 309/309/309 322/322/322 321/321/321
f 309/309/309 310/310/310 323/323/323 322/322/322
f 310/310/310 311/311/311 324/324/324 323/323/323
f 311/311/311 312/312/312 325/325/325 324/324/324
f 313/313/313 314/314/314 327/327/327 326/326/326
f 314/314/314 315/315/315 328/328/328 327/327/327
f 315/315/315 316/316/316 329/329/329 328/328/328
f 316/316/316 317/317/317 330/330/330 329/329/329
f 317/317/317 318/318/318 331/331/331 330/330/330
f 318/318/318 319/319/319 332/332/332 331/331/331
f 319/319/319 320/320/320 333/333/333 332/332/332
f 320/320/320 321/321/321 334/334/334 333/333/333
f 321/321/321 322/322/322 335/335/335 334/334/334
f 322/322/322 323/323/323 336/336/336 335/335/335
f 323/323/323 324/324/324 337/337/337 336/336/336
f 324/324/324 325/325/325 338/338/338 337/337/337
f 326/326/326 327/327/327 340/340/340 339/339/339
f 327/327/327 328/328/328 341/341/341 340/340/340
f 328/328/328 329/329/329 342/342/342 341/341/341
f 329/329/329 330/330/330 343/343/343 342/342/342
f 330/330/330 331/331/331 344/344/344 343/343/343
f 331/331/331 332/332/332 345/345/345 344/344/344
f 332/332/332 333/333/333 346/346/346 345/345/345
f 333/333/333 334/334/334 347/347/347 346/346/346
f 334/334/334 335/335/335 348/348/348 347/347/347
f 335/335/335 336/336/336 349/349/349 348/348/348
f 336/336/336 337/337/337 350/350/350 349/349/349
f 337/337/337 338/338/338 351/351/351 350/350/350
f 339/339/339 340/340/340 353/353/353 352/352/352
f 340/340/340 341/341/341 354/354/354 353/353/353
f 341/341/341 342/342/342 355/355/355 354/354/354
f 342/342/342 343/343/343 356/356/356 355/355/355
f 343/343/343 344/344/344 357/357/357 356/356/356
f 344/344/344 345/345/345 358/358/358 357/357/357
f 345/345/345 346/346/346 359/359/359 358/358/358
f 346/346/346 347/347/347 360/360/360 359/359/359
f 347/347/347 348/348/348 361/361/361 360/360/360
f 348/348/348 349/349/349 362/362/362 361/361/361
f 349/349/349 350/350/350 363/363/363 362/362/362
f 350/350/350 351/351/351 364/364/364 363/363/363
f 352/352/352 353/353/353 366/366/366 365/365/365
f 353/353/353 354/354/354 367/367/367 366/366/366
f 354/354/354 355/355/355 368/368/368 367/367/367
f 355/355/355 356/356/356 369/369/369 368/368/368
f 356/356/356 357/357/357 370/370/370 369/369/369
f 357/357/357 358/358/358 371/371/371 370/370/370
f 358/358/358 359/359/359 372/372/372 371/371/371
f 359/359/359 360/360/360 373/373/373 372/372/372
f 360/360/360 361/361/361 374/374/374 373/373/373
f 361/361/361 362/362/362 375/375/375 374/374/374
f 362/362/362 363/363/363 376/376/376 375/375/375
f 363/363/363 364/364/364 377/377/377 376/376/376
f 365/365/365 366/366/366 379/379/379 378/378/378
f 366/366/366 367/367/367 380/380/380 379/379/379
f 367/367/367 368/368/368 381/381/381 380/380/380
f 368/368/368 369/369/369 382/382/382 381/381/381
f 369/369/369 370/370/370 383/383/383 382/382/382
f 370/370/370 371/371/371 384/384/384 383/383/383
f 371/371/371 372/372/372 385/385/385 384/384/384
f 372/372/372 373/373/373 386/386/386 385/385/385
f 373/373/373 374/374/374 387/387/387 386/386/386
f 374/374/374 375/375/375 388/388/388 387/387/387
f 375/375/375 376/376/376 389/389/389 388/388/388
f 376/376/376 377/377/377 390/390/390 389/389/389
f 378/378/378 379/379/379 392/392/392 391/391/391
f 379/379/379 380/380/380 393/393/393 392/392/392
f 380/380/380 381/381/381 394/394/394 393/393/393
f 381/381/381 382/382/382 395/395/395 394/394/394
f 382/382/382 383/383/383 396/396/396 395/395/395
f 383/383/383 384/384/384 397/397/397 396/396/396
f 384/384/384 385/385/385 398/398/398 397/397/397
f 385/385/385 386/386/386 399/399/399 398/398/398
f 386/386/386 387/387/387 400/400/400 399/399/399
f 387/387/387 388/388/388 401/401/401 400/400/400
f 388/388/388 389/389/389 402/402/402 401/401/401
f 389/389/389 390/390/390 403/403/403 402/402/402
f 391/391/391 392/392/392 405/405/405 404/404/404
f 392/392/392 393/393/393 406/406/406 405/405/405
f 393/393/393 394/394/394 407/407/407 406/406/406
f 394/394/394 395/395/395 408/408/408 407/407/407
f 395/395/395 396/396/396 409/409/409 408/408/408
f 396/396/396 397/397/397 410/410/410 409/409/409
f 397/397/397 398/398/398 411/411/411 410/410/410
f 398/398/398 399/399/399 412/412/412 411/411/411
f 399/399/399 400/400/400 413/413/413 412/412/412
f 400/400/400 401/401/401 414/414/414 413/413/413
f 401/401/401 402/402/402 415/415/415 414/414/414
f 402/402/402 403/403/403 416/416/416 415/415/415
f 404/404/404 405/405/405 418/418/418 417/417/417
f 405/405/405 406/406/406 419/419/419 418/418/418
f 406/406/406 407/407/407 420/420/420 419/419/419
f 407/407/407 408/408/408 421/421/421 420/420/420
f 408/408/408 409/409/409 422/422/422 421/421/421
f 409/409/409 410/410/410 423/423/423 422/422/422
f 410/410/410 411/411/411 424/424/424 423/423/423
f 411/411/411 412/412/412 425/425/425 424/424/424
f 412/412/412 413/413/413 426/426/426 425/425/425
f 413/413/413 414/414/414 427/427/427 426/426/426
f 414/414/414 415/415/415 428/428/428 427/427/427
f 415/415/415 416/416/416 429/429/429 428/428/428
f 417/417/417 418/418/418 431/431/431 430/430/430
f 418/418/418 419/419/419 432/432/432 431/431/431
f 419/419/419 420/420/420 433/433/433 432/432/432
f 420/420/420 421/421/421 434/434/434 433/433/433
f 421/421/421 422/422/422 435/435/435 434/434/434
f 422/422/422 423/423/423 436/436/436 435/435/435
f 423/423/423 424/424/424 437/437/437 436/436/436
f 424/424/424 425/425/425 438/438/438 437/437/437
f 425/425/425 426/426/426 439/439/439 438/438/438
f 426/426/426 427/427/427 440/440/440 439/439/439
f 427/427/427 428/428/428 441/441/441 440/440/440
f 428/428/428 429/429/429 442/442/442 441/441/441
f 430/430/430 431/431/431 444/444/444 443/443/443
f 431/431/431 432/432/432 445/445/445 444/444/444
f 432/432/432 433/433/433 446/446/446 445/445/445
f 433/433/433 434/434/434 447/447/447 446/446/446
f 434/434/434 435/435/435 448/448/448 447/447/447
f 435/435/435 436/436/436 449/449/449 448/448/448
f 436/436/436 437/437/437 450/450/450 449/449/449
f 437/437/437 438/438/438 451/451/451 450/450/450
f 438/438/438 439/439/439 452/452/452 451/451/451
f 439/439/439 440/440/440 453/453/453 452/452/452
f 440/440/440 441/441/441 454/454/454 453/453/453
f 441/441/441 442/442/442 455/455/455 454/454/454
f 443/443/443 444/444/444 457/457/457 456/456/456
f 444/444/444 445/445/445 458/458/458 457/457/457
f 445/445/445 446/446/446 459/459/459 458/458/458
f 446/446/446 447/447/447 460/460/460 459/459/459
f 447/447/447 448/448/448 461/461/461 460/460/460
f 448/448/448 449/449/449 462/462/462 461/461/461
f 449/449/449 450/450/450 463/463/463 462/462/462
f 450/450/450 451/451/451 464/464/464 463/463/463
f 451/451/451 452/452/452 465/465/465 464/464/464
f 452/452/452 453/453/453 466/466/466 465/465/465
f 453/453/453 454/454/454 467/467/467 466/466/466
f 454/454/454 455/455/455 468/468/468 467/467/467
f 456/456/456 457/457/457 470/470/470 469/469/469
f 457/457/457 458/458/458 471/471/471 470/470/470
f 458/458/458 459/459/459 472/472/472 471/471/471
f 459/459/459 460/460/460 473/473/473 472/472/472
f 460/460/460 461/461/461 474/474/474 473/473/473
f 461/461/461 462/462/462 475/475/475 474/474/474
f 462/462/462 463/463/463 476/476/476 475/475/475
f 463/463/463 464/464/464 477/477/477 476/476/476
f 464/464/464 465/465/465 478/478/478 477/477/477
f 465/465/465 466/466/466 479/479/479 478/478/478
f 466/466/466 467/467/467 480/480/480 479/479/479
f 467/467/467 468/468/468 481/481/481 480/480/480
f 469/469/469 470/470/470 483/483/483 482/482/482
f 470/470/470 471/471/471 484/484/484 483/483/483
f 471/471/471 472/472/472 485/485/485 484/484/484
f 472/472/472 473/473/473 486/486/486 485/485/485
f 473/473/473 474/474/474 487/487/487 486/486/486
f 474/474/474 475/475/475 488/488/488 487/487/487
f 475/475/475 476/476/476 489/489/489 488/488/488
f 476/476/476 477/477/477 490/490/490 489/489/489
f 477/477/477 478/478/478 491/491/491 490/490/490
f 478/478/478 479/479/479 492/492/492 491/491/491
f 479/479/479 480/480/480 493/493/493 492/492/492
f 480/480/480 481/481/481 494/494/494 493/493/493
f 482/482/482 483/483/483 496/496/496 495/495/495
f 483/483/483 484/484/484 497/497/497 496/496/496
f 484/484/484 485/485/485 498/498/498 497/497/497
f 485/485/485 486/486/486 499/499/499 498/498/498
f 486/486/486 487/487/487 500/500/500 499/499/499
f 487/487/487 488/488/488 501/501/501 500/500/500
f 488/488/488 489/489/489 502/502/502 501/501/501
f 489/489/489 490/490/490 503/503/503 502/502/502
f 490/490/490 491/491/491 504/504/504 503/503/503
f 491/491/491 492/492/492 505/505/505 504/504/504
f 492/492/492 493/493/493 506/506/506 505/505/505
f 493/493/493 494/494/494 507/507/507 506/506/506
f 495/495/495 496/496/496 509/509/509 508/508/508
f 496/496/496 497/497/497 510/510/510 509/509/509
f 497/497/497 498/498/498 511/511/511 510/510/510
f 498/498/498 499/499/499 512/512/512 511/511/511
f 499/499/499 500/500/500 513/513/513 512/512/512
f 500/500/500 501/501/501 514/514/514 513/513/513
f 501/501/501 502/502/502 515/515/515 514/514/514
f 502/502/502 503/503/503 516/516/516 515/515/515
f 503/503/503 504/504/504 517/517/517 516/516/516
f 504/504/504 505/505/505 518/518/518 517/517/517
f 505/505/505 506/506/506 519/519/519 518/518/518
f 506/506/506 507/507/507 520/520/520 519/519/519
f 508/508/508 509/509/509 522/522/522 521/521/521
f 509/509/509 510/510/510 523/523/523 522/522/522
f 510/510/510 511/511/511 524/524/524 523/523/523
f 511/511/511 512/512/512 525/525/525 524/524/524
f 512/512/512 513/513/513 526/526/526 525/525/525
f 513/513/513 514/514/514 527/527/527 526/526/526
f 514/514/514 515/515/515 528/528/528 527/527/527
f 515/515/515 516/516/516 529/529/529 528/528/528
f 516/516/516 517/517/517 530/530/530 529/529/529
f 517/517/517 518/518/518 531/531/531 530/530/530
f 518/518/518 519/519/519 532/532/532 531/531/531
f 519/519/519 520/520/520 533/533/533 532/532/532
f 521/521/521 522/522/522 535/535/535 534/534/534
f 522/522/522 523/523/523 536/536/536 535/535/535
f 523/523/523 524/524/524 537/537/537 536/536/536
f 524/524/524 525/525/525 538/538/538 537/537/537
f 525/525/525 526/526/526 539/539/539 538/538/538
f 526/526/526 527/527/527 540/540/540 539/539/539
f 527/527/527 528/528/528 541/541/541 540/540/540
f 528/528/528 529/529/529 542/542/542 541/541/541
f 529/529/529 530/530/530 543/543/543 542/542/542
f 530/530/530 531/531/531 544/544/544 543/543/543
f 531/531/531 532/532/532 545/545/545 544/544/544
f 532/532/532 533/533/533 546/546/546 545/545/545
f 534/534/534 535/535/535 548/548/548 547/547/547
f 535/535/535 536/536/536 549/549/549 548/548/548
f 536/536/536 537/537/537 550/550/550 549/549/549
f 537/537/537 538/538/538 551/551/551 550/550/550
f 538/538/538 539/539/539 552/552/552 551/551/551
f 539/539/539 540/540/540 553/553/553 552/552/552
f 540/540/540 541/541/541 554/554/554 553/553/553
f 541/541/541 542/542/542 555/555/555 554/554/554
f 542/542/542 543/543/543 556/556/556 555/555/555
f 543/543/543 544/544/544 557/557/557 556/556/556
f 544/544/544 545/545/545 558/558/558 557/557/557
f 545/545/545 546/546/546 559/559/559 558/558/558
f 547/547/547 548/548/548 561/561/561 560/560/560
f 548/548/548 549/549/549 562/562/562 561/561/561
f 549/549/549 550/550/550 563/563/563 562/562/562
f 550/550/550 551/551/551 564/564/564 563/563/563
f 551/551/551 552/552/552 565/565/565 564/564/564
f 552/552/552 553/553/553 566/566/566 565/565/565
f 553/553/553 554/554/554 567/567/567 566/566/566
f 554/554/554 555/555/555 568/568/568 567/567/567
f 555/555/555 556/556/556 569/569/569 568/568/568
f 556/556/556 557/557/557 570/570/570 569/569/569
f 557/557/557 558/558/558 571/571/571 570/570/570
f 558/558/558 559/559/559 572/572/572 571/571/571
f 560/560/560 561/561/561 574/574/574 573/573/573
f 561/561/561 562/562/562 575/575/575 574/574/574
f 562/562/562 563/563/563 576/576/576 575/575/575
f 563/563/563 564/564/564 577/577/577 576/576/576
f 564/564/564 565/565/565 578/578/578 577/577/577
f 565/565/565 566/566/566 579/579/579 578/578/578
f 566/566/566 567/567/567 580/580/580 579/579/579
f 567/567/567 568/568/568 581/581/581 580/580/580
f 568/568/568 569/569/569 582/582/582 581/581/581
f 569/569/569 570/570/570 583/583/583 582/582/582
f 570/570/570 571/571/571 584/584/584 583/583/583
f 571/571/571 572/572/572 585/585/585 584/584/584
f 573/573/573 574/574/574 587/587/587 586/586/586
f 574/574/574 575/575/575 588/588/588 587/587/587
f 575/575/575 576/576/576 589/589/589 588/588/588
f 576/576/576 577/577/577 590/590/590 589/589/589
f 577/577/577 578/578/578 591/591/591 590/590/590
f 578/578/578 579/579/579 592/592/592 591/591/591
f 579/579/579 580/580/580 593/593/593 592/592/592
f 580/580/580 581/581/581 594/594/594 593/593/593
f 581/581/581 582/582/582 595/595/595 594/594/594
f 582/582/582 583/583/583 596/596/596 595/595/595
f 583/583/583 584/584/584 597/597/597 596/596/596
f 584/584/584 585/585/585 598/598/598 597/597/597
f 586/586/586 587/587/587 600/600/600 599/599/599
f 587/587/587 588/588/588 601/601/601 600/600/600
f 588/588/588 589/589/589 602/602/602 601/601/601
f 589/589/589 590/590/590 603/603/603 602/602/602
f 590/590/590 591/591/591 604/604/604 603/603/603
f 591/591/591 592/592/592 605/605/605 604/604/604
f 592/592/592 593/593/593 606/606/606 605/605/605
f 593/593/593 594/594/594 607/607/607 606/606/606
f 594/594/594 595/595/595 608/608/608 607/607/607
f 595/595/595 596/596/596 609/609/609 608/608/608
f 596/596/596 597/597/597 610/610/610 609/609/609
f 597/597/597 598/598/598 611/611/611 610/610/610
f 599/599/599 600/600/600 613/613/613 612/612/612
f 600/600/600 601/601/601 614/614/614 613/613/613
f 601/601/601 602/602/602 615/615/615 614/614/614
f 602/602/602 603/603/603 616/616/616 615/615/615
f 603/603/603 604/604/604 617/617/617 616/616/616
f 604/604/604 605/605/605 618/618/618 617/617/617
f 605/605/605 606/606/606 619/619/619 618/618/618
f 606/606/606 607/607/607 620/620/620 619/619/619
f 607/607/607 608/608/608 621/621/621 620/620/620
f 608/608/608 609/609/609 622/622/622 621/621/621
f 609/609/609 610/610/610 623/623/623 622/622/622
f 610/610/610 611/611/611 624/624/624 623/623/623
f 612/612/612 613/613/613 626/626/626 625/625/625
f 613/613/613 614/614/614 627/627/627 626/626/626
f 614/614/614 615/615/615 628/628/628 627/627/627
f 615/615/615 616/616/616 629/629/629 628/628/628
f 616/616/616 617/617/617 630/630/630 629/629/629
f 617/617/617 618/618/618 631/631/631 630/630/630
f 618/618/618 619/619/619 632/632/632 631/631/631
f 619/619/619 620/620/620 633/633/633 632/632/632
f 620/620/620 621/621/621 634/634/634 633/633/633
f 621/621/621 622/622/622 635/635/635 634/634/634
f 622/622/622 623/623/623 636/636/636 635/635/635
f 623/623/623 624/624/624 637/637/637 636/636/636
f 625/625/625 626/626/626 639/639/639 638/638/638
f 626/626/626 627/627/627 640/640/640 639/639/639
f 627/627/627 628/628/628 641/641/641 640/640/640
f 628/628/628 629/629/629 642/642/642 641/641/641
f 629/629/629 630/630/630 643/643/643 642/642/642
f 630/630/630 631/631/631 644/644/644 643/643/643
f 631/631/631 632/632/632 645/645/645 644/644/644
f 632/632/632 633/633/633 646/646/646 645/645/645
f 633/633/633 634/634/634 647/647/647 646/646/646
f 634/634/634 635/635/635 648/648/648 647/647/647
f 635/635/635 636/636/636 649/649/649 648/648/648
f 636/636/636 637/637/637 650/650/650 649/649/649
f 638/638/638 639/639/639 652/652/652 651/651/651
f 639/639/639 640/640/640 653/653/653 652/652/652
f 640/640/640 641/641/641 654/654/654 653/653/653
f 641/641/641 642/642/642 655/655/655 654/654/654
f 642/642/642 643/643/643 656/656/656 655/655/655
f 643/643/643 644/644/644 657/657/657 656/656/656
f 644/644/644 645/645/645 658/658/658 657/657/657
f 645/645/645 646/646/646 659/659/659 658/658/658
f 646/646/646 647/647/647 660/660/660 659/659/659
f 647/647/647 648/648/648 661/661/661 660/660/660
f 648/648/648 649/649/649 662/662/662 661/661/661
f 649/649/649 650/650/650 663/663/663 662/662/662
f 651/651/651 652/652/652 665/665/665 664/664/664
f 652/652/652 653/653/653 666/666/666 665/665/665
f 653/653/653 654/654/654 667/667/667 666/666/666
f 654/654/654 655/655/655 668/668/668 667/667/667
f 655/655/655 656/656/656 669/669/669 668/668/668
f 656/656/656 657/657/657 670/670/670 669/669/669
f 657/657/657 658/658/658 671/671/671 670/670/670
f 658/658/658 659/659/659 672/672/672 671/671/671
f 659/659/659 660/660/660 673/673/673 672/672/672
f 660/660/660 661/661/661 674/674/674 673/673/673
f 661/661/661 662/662/662 675/675/675 674/674/674
f 662/662/662 663/663/663 676/676/676 675/675/675
f 664/664/664 665/665/665 678/678/678 677/677/677
f 665/665/665 666/666/666 679/679/679 678/678/678
f 666/666/666 667/667/667 680/680/680 679/679/679
f 667/667/667 668/668/668 681/681/681 680/680/680
f 668/668/668 669/669/669 682/682/682 681/681/681
f 669/669/669 670/670/670 683/683/683 682/682/682
f 670/670/670 671/671/671 684/684/684 683/683/683
f 671/671/671 672/672/672 685/685/685 684/684/684
f 672/672/672 673/673/673 686/686/686 685/685/685
f 673/673/673 674/674/674 687/687/687 686/686/686
f 674/674/674 675/675/675 688/688/688 687/687/687
f 675/675/675 676/676/676 689/689/689 688/688/688
f 677/677/677 678/678/678 691/691/691 690/690/690
f 678/678/678 679/679/679 692/692/692 691/691/691
f 679/679/679 680/680/680 693/693/693 692/692/692
f 680/680/680 681/681/681 694/694/694 693/693/693
f 681/681/681 682/682/682 695/695/695 694/694/694
f 682/682/682 683/683/683 696/696/696 695/695/695
f 683/683/683 684/684/684 697/697/697 696/696/696
f 684/684/684 685/685/685 698/698/698 697/697/697
f 685/685/685 686/686/686 699/699/699 698/698/698
f 686/686/686 687/687/687 700/700/700 699/699/699
f 687/687/687 688/688/688 701/701/701 700/700/700
f 688/688/688 689/689/689 702/702/702 701/701/701
f 690/690/690 691/691/691 704/704/704 703/703/703
f 691/691/691 692/692/692 705/705/705 704/704/704
f 692/692/692 693/693/693 706/706/706 705/705/705
f 693/693/693 694/694/694 707/707/707 706/706/706
f 694/694/694 695/695/695 708/708/708 707/707/707
f 695/695/695 696/696/696 709/709/709 708/708/708
f 696/696/696 697/697/697 710/710/710 709/709/709
f 697/697/697 698/698/698 711/711/711 710/710/710
f 698/698/698 699/699/699 712/712/712 711/711/711
f 699/699/699 700/700/700 713/713/713 712/712/712
f 700/700/700 701/701/701 714/714/714 713/713/713
f 701/701/701 702/702/702 715/715/715 714/714/714
f 703/703/703 704/704/704 717/717/717 716/716/716
f 704/704/704 705/705/705 718/718/718 717/717/717
f 705/705/705 706/706/706 719/719/719 718/718/718
f 706/706/706 707/707/707 720/720/720 719/719/719
f 707/707/707 708/708/708 721/721/721 720/720/720
f 708/708/708 709/709/709 722/722/722 721/721/721
f 709/709/709 710/710/710 723/723/723 722/722/722
f 710/710/710 711/711/711 724/724/724 723/723/723
f 711/711/711 712/712/712 725/725/725 724/724/724
f 712/712/712 713/713/713 726/726/726 725/725/725
f 713/713/713 714/714/714 727/727/727 726/726/726
f 714/714/714 715/715/715 728/728/728 727/727/727
f 716/716/716 717/717/717 730/730/730 729/729/729
f 717/717/717 718/718/718 731/731/731 730/730/730
f 718/718/718 719/719/719 732/732/732 731/731/731
f 719/719/719 720/720/720 733/733/733 732/732/732
f 720/720/720 721/721/721 734/734/734 733/733/733
f 721/721/721 722/722/722 735/735/735 734/734/734
f 722/722/722 723/723/723 736/736/736 735/735/735
f 723/723/723 724/724/724 737/737/737 736/736/736
f 724/724/724 725/725/725 738/738/738 737/737/737
f 725/725/725 726/726/726 739/739/739 738/738/738
f 726/726/726 727/727/727 740/740/740 739/739/739
f 727/727/727 728/728/728 741/741/741 740/740/740
f 729/729/729 730/730/730 743/743/743 742/742/742
f 730/730/730 731/731/731 744/744/744 743/743/743
f 731/731/731 732/732/732 745/745/745 744/744/744
f 732/732/732 733/733/733 746/746/746 745/745/745
f 733/733/733 734/734/734 747/747/747 746/746/746
f 734/734/734 735/735/735 748/748/748 747/747/747
f 735/735/735 736/736/736 749/749/749 748/748/748
f 736/736/736 737/737/737 750/750/750 749/749/749
f 737/737/737 738/738/738 751/751/751 750/750/750
f 738/738/738 739/739/739 752/752/752 751/751/751
f 739/739/739 740/740/740 753/753/753 752/752/752
f 740/740/740 741/741/741 754/754/754 753/753/753
f 742/742/742 743/743/743 756/756/756 755/755/755
f 743/743/743 744/744/744 757/757/757 756/756/756
f 744/744/744 745/745/745 758/758/758 757/757/757
f 745/745/745 746/746/746 759/759/759 758/758/758
f 746/746/746 747/747/747 760/760/760 759/759/759
f 747/747/747 748/748/748 761/761/761 760/760/760
f 748/748/748 749/749/749 762/762/762 761/761/761
f 749/749/749 750/750/750 763/763/763 762/762/762
f 750/750/750 751/751/751 764/764/764 763/763/763
f 751/751/751 752/752/752 765/765/765 764/764/764
f 752/752/752 753/753/753 766/766/766 765/765/765
f 753/753/753 754/754/754 767/767/767 766/766/766
f 755/755/755 756/756/756 769/769/769 768/768/768
f 756/756/756 757/757/757 770/770/770 769/769/769
f 757/757/757 758/758/758 771/771/771 770/770/770
f 758/758/758 759/759/759 772/772/772 771/771/771
f 759/759/759 760/760/760 773/773/773 772/772/772
f 760/760/760 761/761/761 774/774/774 773/773/773
f 761/761/761 762/762/762 775/775/775 774/774/774
f 762/762/762 763/763/763 776/776/776 775/775/775
f 763/763/763 764/764/764 777/777/777 776/776/776
f 764/764/764 765/765/765 778/778/778 777/777/777
f 765/765/765 766/766/766 779/779/779 778/778/778
f 766/766/766 767/767/767 780/780/780 779/779/779
f 768/768/768 769/769/769 782/782/782 781/781/781
f 769/769/769 770/770/770 783/783/783 782/782/782
f 770/770/770 771/771/771 784/784/784 783/783/783
f 771/771/771 772/772/772 785/785/785 784/784/784
f 772/772/772 773/773/773 786/786/786 785/785/785
f 773/773/773 774/774/774 787/787/787 786/786/786
f 774/774/774 775/775/775 788/788/788 787/787/787
f 775/775/775 776/776/776 789/789/789 788/788/788
f 776/776/776 777/777/777 790/790/790 789/789/789
f 777/777/777 778/778/778 791/791/791 790/790/790
f 778/778/778 779/779/779 792/792/792 791/791/791
f 779/779/779 780/780/780 793/793/793 792/792/792
f 781/781/781 782/782/782 795/795/795 794/794/794
f 782/782/782 783/783/783 796/796/796 795/795/795
f 783/783/783 784/784/784 797/797/797 796/796/796
f 784/784/784 785/785/785 798/798/798 797/797/797
f 785/785/785 786/786/786 799/799/799 798/798/798
f 786/786/786 787/787/787 800/800/800 799/799/799
f 787/787/787 788/788/788 801/801/801 800/800/800
f 788/788/788 789/789/789 802/802/802 801/801/801
f 789/789/789 790/790/790 803/803/803 802/802/802
f 790/790/790 791/791/791 804/804/804 803/803/803
f 791/791/791 792/792/792 805/805/805 804/804/804
f 792/792/792 793/793/793 806/806/806 805/805/805
f 794/794/794 795/795/795 808/808/808 807/807/807
f 795/795/795 796/796/796 809/809/809 808/808/808
f 796/796/796 797/797/797 810/810/810 809/809/809
f 797/797/797 798/798/798 811/811/811 810/810/810
f 798/798/798 799/799/799 812/812/812 811/811/811
f 799/799/799 800/800/800 813/813/813 812/812/812
f 800/800/800 801/801/801 814/814/814 813/813/813
f 801/801/801 802/802/802 815/815/815 814/814/814
f 802/802/802 803/803/803 816/816/816 815/815/815
f 803/803/803 804/804/804 817/817/817 816/816/816
f 804/804/804 805/805/805 818/818/818 817/817/817
f 805/805/805 806/806/806 819/819/819 818/818/818
f 807/807/807 808/808/808 821/821/821 820/820/820
f 808/808/808 809/809/809 822/822/822 821/821/821
f 809/809/809 810/810/810 823/823/823 822/822/822
f 810/810/810 811/811/811 824/824/824 823/823/823
f 811/811/811 812/812/812 825/825/825 824/824/824
f 812/812/812 813/813/813 826/826/826 825/825/825
f 813/813/813 814/814/814 827/827/827 826/826/826
f 814/814/814 815/815/815 828/828/828 827/827/827
f 815/815/815 816/816/816 829/829/829 828/828/828
f 816/816/816 817/817/817 830/830/830 829/829/829
f 817/817/817 818/818/818 831/831/831 830/830/830
f 818/818/818 819/819/819 832/832/832 831/831/831
f 820/820/820 821/821/821 834/834/834 833/833/833
f 821/821/821 822/822/822 835/835/835 834/834/834
f 822/822/822 823/823/823 836/836/836 835/835/835
f 823/823/823 824/824/824 837/837/837 836/836/836
f 824/824/824 825/825/825 838/838/838 837/837/837
f 825/825/825 826/826/826 839/839/839 838/838/838
f 826/826/826 827/827/827 840/840/840 839/839/839
f 827/827/827 828/828/828 841/841/841 840/840/840
f 828/828/828 829/829/829 842/842/842 841/841/841
f 829/829/829 830/830/830 843/843/843 842/842/842
f 830/830/830 831/831/831 844/844/844 843/843/843
f 831/831/831 832/832/832 845/845/845 844/844/844
f 833/833/833 834/834/834 847/847/847 846/846/846
f 834/834/834 835/835/835 848/848/848 847/847/847
f 835/835/835 836/836/836 849/849/849 848/848/848
f 836/836/836 837/837/837 850/850/850 849/849/849
f 837/837/837 838/838/838 851/851/851 850/850/850
f 838/838/838 839/839/839 852/852/852 851/851/851
f 839/839/839 840/840/840 853/853/853 852/852/852
f 840/840/840 841/841/841 854/854/854 853/853/853
f 841/841/841 842/842/842 855/855/855 854/854/854
f 842/842/842 843/843/843 856/856/856 855/855/855
f 843/843/843 844/844/844 857/857/857 856/856/856
f 844/844/844 845/845/845 858/858/858 857/857/857
f 846/846/846 847/847/847 860/860/860 859/859/859
f 847/847/847 848/848/848 861/861/861 860/860/860
f 848/848/848 849/849/849 862/862/862 861/861/861
f 849/849/849 850/850/850 863/863/863 862/862/862
f 850/850/850 851/851/851 864/864/864 863/863/863
f 851/851/851 852/852/852 865/865/865 864/864/864
f 852/852/852 853/853/853 866/866/866 865/865/865
f 853/853/853 854/854/854 867/867/867 866/866/866
f 854/854/854 855/855/855 868/868/868 867/867/867
f 855/855/855 856/856/856 869/869/869 868/868/868
f 856/856/856 857/857/857 870/870/870 869/869/869
f 857/857/857 858/858/858 871/871/871 870/870/870
f 859/859/859 860/860/860 873/873/873 872/872/872
f 860/860/860 861/861/861 874/874/874 873/873/873
f 861/861/861 862/862/862 875/875/875 874/874/874
f 862/862/862 863/863/863 876/876/876 875/875/875
f 863/863/863 864/864/864 877/877/877 876/876/876
f 864/864/864 865/865/865 878/878/878 877/877/877
f 865/865/865 866/866/866 879/879/879 878/878/878
f 866/866/866 867/867/867 880/880/880 879/879/879
f 867/867/867 868/868/868 881/881/881 880/880/880
f 868/868/868 869/869/869 882/882/882 881/881/881
f 869/869/869 870/870/870 883/883/883 882/882/882
f 870/870/870 871/871/871 884/884/884 883/883/883
f 872/872/872 873/873/873 886/886/886 885/885/885
f 873/873/873 874/874/874 887/887/887 886/886/886
f 874/874/874 875/875/875 888/888/888 887/887/887
f 875/875/875 876/876/876 889/889/889 888/888/888
f 876/876/876 877/877/877 890/890/890 889/889/889
f 877/877/877 878/878/878 891/891/891 890/890/890
f 878/878/878 879/879/879 892/892/892 891/891/891
f 879/879/879 880/880/880 893/893/893 892/892/892
f 880/880/880 881/881/881 894/894/894 893/893/893
f 881/881/881 882/882/882 895/895/895 894/894/894
f 882/882/882 883/883/883 896/896/896 895/895/895
f 883/883/883 884/884/884 897/897/897 896/896/896
f 885/885/885 886/886/886 899/899/899 898/898/898
f 886/886/886 887/887/887 900/900/900 899/899/899
f 887/887/887 888/888/888 901/901/901 900/900/900
f 888/888/888 889/889/889 902/902/902 901/901/901
f 889/889/889 890/890/890 903/903/903 902/902/902
f 890/890/890 891/891/891 904/904/904 903/903/903
f 891/891/891 892/892/892 905/905/905 904/904/904
f 892/892/892 893/893/893 906/906/906 905/905/905
f 893/893/893 894/894/894 907/907/907 906/906/906
f 894/894/894 895/895/895 908/908/908 907/907/907
f 895/895/895 896/896/896 909/909/909 908/908/908
f 896/896/896 897/897/897 910/910/910 909/909/909
f 898/898/898 899/899/899 912/912/912 911/911/911
f 899/899/899 900/900/900 913/913/913 912/912/912
f 900/900/900 901/901/901 914/914/914 913/913/913
f 901/901/901 902/902/902 915/915/915 914/914/914
f 902/902/902 903/903/903 916/916/916 915/915/915
f 903/903/903 904/904/904 917/917/917 916/916/916
f 904/904/904 905/905/905 918/918/918 917/917/917
f 905/905/905 906/906/906 919/919/919 918/918/918
f 906/906/906 907/907/907 920/920/920 919/919/919
f 907/907/907 908/908/908 921/921/921 920/920/920
f 908/908/908 909/909/909 922/922/922 921/921/921
f 909/909/909 910/910/910 923/923/923 922/922/922
f 911/911/911 912/912/912 925/925/925 924/924/924
f 912/912/912 913/913/913 926/926/926 925/925/925
f 913/913/913 914/914/914 927/927/927 926/926/926
f 914/914/914 915/915/915 928/928/928 927/927/927
f 915/915/915 916/916/916 929/929/929 928/928/928
f 916/916/916 917/917/917 930/930/930 929/929/929
f 917/917/917 918/918/918 931/931/931 930/930/930
f 918/918/918 919/919/919 932/932/932 931/931/931
f 919/919/919 920/920/920 933/933/933 932/932/932
f 920/920/920 921/921/921 934/934/934 933/933/933
f 921/921/921 922/922/922 935/935/935 934/934/934
f 922/922/922 923/923/923 936/936/936 935/935/935
f 924/924/924 925/925/925 938/938/938 937/937/937
f 925/925/925 926/926/926 939/939/939 938/938/938
f 926/926/926 927/927/927 940/940/940 939/939/939
f 927/927/927 928/928/928 941/941/941 940/940/940
f 928/928/928 929/929/929 942/942/942 941/941/941
f 929/929/929 930/930/930 943/943/943 942/942/942
f 930/930/930 931/931/931 944/944/944 943/943/943
f 931/931/931 932/932/932 945/945/945 944/944/944
f 932/932/932 933/933/933 946/946/946 945/945/945
f 933/933/933 934/934/934 947/947/947 946/946/946
f 934/934/934 935/935/935 948/948/948 947/947/947
f 935/935/935 936/936/936 949/949/949 948/948/948
f 937/937/937 938/938/938 951/951/951 950/950/950
f 938/938/938 939/939/939 952/952/952 951/951/951
f 939/939/939 940/940/940 953/953/953 952/952/952
f 940/940/940 941/941/941 954/954/954 953/953/953
f 941/941/941 942/942/942 955/955/955 954/954/954
f 942/942/942 943/943/943 956/956/956 955/955/955
f 943/943/943 944/944/944 957/957/957 956/956/956
f 944/944/944 945/945/945 958/958/958 957/957/957
f 945/945/945 946/946/946 959/959/959 958/958/958
f 946/946/946 947/947/947 960/960/960 959/959/959
f 947/947/947 948/948/948 961/961/961 960/960/960
f 948/948/948 949/949/949 962/962/962 961/961/961
f 950/950/950 951/951/951 964/964/964 963/963/963
f 951/951/951 952/952/952 965/965/965 964/964/964
f 952/952/952 953/953/953 966/966/966 965/965/965
f 953/953/953 954/954/954 967/967/967 966/966/966
f 954/954/954 955/955/955 968/968/968 967/967/967
f 955/955/955 956/956/956 969/969/969 968/968/968
f 956/956/956 957/957/957 970/970/970 969/969/969
f 957/957/957 958/958/958 971/971/971 970/970/970
f 958/958/958 959/959/959 972/972/972 971/971/971
f 959/959/959 960/960/960 973/973/973 972/972/972
f 960/960/960 961/961/961 974/974/974 973/973/973
f 961/961/961 962/962/962 975/975/975 974/974/974
f 963/963/963 964/964/964 977/977/977 976/976/976
f 964/964/964 965/965/965 978/978/978 977/977/977
f 965/965/965 966/966/966 979/979/979 978/978/978
f 966/966/966 967/967/967 980/980/980 979/979/979
f 967/967/967 968/968/968 981/981/981 980/980/980
f 968/968/968 969/969/969 982/982/982 981/981/981
f 969/969/969 970/970/970 983/983/983 982/982/982
f 970/970/970 971/971/971 984/984/984 983/983/983
f 971/971/971 972/972/972 985/985/985 984/984/984
f 972/972/972 973/973/973 986/986/986 985/985/985
f 973/973/973 974/974/974 987/987/987 986/986/986
f 974/974/974 975/975/975 988/988/988 987/987/987
f 976/976/976 977/977/977 990/990/990 989/989/989
f 977/977/977 978/978/978 991/991/991 990/990/990
f 978/978/978 979/979/979 992/992/992 991/991/991
f 979/979/979 980/980/980 993/993/993 992/992/992
f 980/980/980 981/981/981 994/994/994 993/993/993
f 981/981/981 982/982/982 995/995/995 994/994/994
f 982/982/982 983/983/983 996/996/996 995/995/995
f 983/983/983 984/984/984 997/997/997 996/996/996
f 984/984/984 985/985/985 998/998/998 997/997/997
f 985/985/985 986/986/986 999/999/999 998/998/998
f 986/986/986 987/987/987 1000/1000/1000 999/999/999
f 987/987/987 988/988/988 1001/1001/1001 1000/1000/1000
f 989/989/989 990/990/990 1003/1003/1003 1002/1002/1002
f 990/990/990 991/991/991 1004/1004/1004 1003/1003/1003
f 991/991/991 992/992/992 1005/1005/1005 1004/1004/1004
f 992/992/992 993/993/993 1006/1006/1006 1005/1005/1005
f 993/993/993 994/994/994 1007/1007/1007 1006/1006/1006
f 994/994/994 995/995/995 1008/1008/1008 1007/1007/1007
f 995/995/995 996/996/996 1009/1009/1009 1008/1008/1008
f 996/996/996 997/997/997 1010/1010/1010 1009/1009/1009
f 997/997/997 998/998/998 1011/1011/1011 1010/1010/1010
f 998/998/998 999/999/999 1012/1012/1012 1011/1011/1011
f 999/999/999 1000/1000/1000 1013/1013/1013 1012/1012/1012
f 1000/1000/1000 1001/1001/1001 1014/1014/1014 1013/1013/1013
f 1002/1002/1002 1003/1003/1003 1016/1016/1016 1015/1015/1015
f 1003/1003/1003 1004/1004/1004 1017/1017/1017 1016/1016/1016
f 1004/1004/1004 1005/1005/1005 1018/1018/1018 1017/1017/1017
f 1005/1005/1005 1006/1006/1006 1019/1019/1019 1018/1018/1018
f 1006/1006/1006 1007/1007/1007 1020/1020/1020 1019/1019/1019
f 1007/1007/1007 1008/1008/1008 1021/1021/1021 1020/1020/1020
f 1008/1008/1008 1009/1009/1009 1022/1022/1022 1021/1021/1021
f 1009/1009/1009 1010/1010/1010 1023/1023/1023 1022/1022/1022
f 1010/1010/1010 1011/1011/1011 1024/1024/1024 1023/1023/1023
f 1011/1011/1011 1012/1012/1012 1025/1025/1025 1024/1024/1024
f 1012/1012/1012 1013/1013/1013 1026/1026/1026 1025/1025/1025
f 1013/1013/1013 1014/1014/1014 1027/1027/1027 1026/1026/1026
f 1015/1015/1015 1016/1016/1016 1029/1029/1029 1028/1028/1028
f 1016/1016/1016 1017/1017/1017 1030/1030/1030 1029/1029/1029
f 1017/1017/1017 1018/1018/1018 1031/1031/1031 1030/1030/1030
f 1018/1018/1018 1019/1019/1019 1032/1032/1032 1031/1031/1031
f 1019/1019/1019 1020/1020/1020 1033/1033/1033 1032/1032/1032
f 1020/1020/1020 1021/1021/1021 1034/1034/1034 1033/1033/1033
f 1021/1021/1021 1022/1022/1022 1035/1035/1035 1034/1034/1034
f 1022/1022/1022 1023/1023/1023 1036/1036/1036 1035/1035/1035
f 1023/1023/1023 1024/1024/1024 1037/1037/1037 1036/1036/1036
f 1024/1024/1024 1025/1025/1025 1038/1038/1038 1037/1037/1037
f 1025/1025/1025 1026/1026/1026 1039/1039/1039 1038/1038/1038
f 1026/1026/1026 1027/1027/1027 1040/1040/1040 1039/1039/1039
f 1028/1028/1028 1029/1029/1029 1042/1042/1042 1041/1041/1041
f 1029/1029/1029 1030/1030/1030 1043/1043/1043 1042/1042/1042
f 1030/1030/1030 1031/1031/1031 1044/1044/1044 1043/1043/1043
f 1031/1031/1031 1032/1032/1032 1045/1045/1045 1044/1044/1044
f 1032/1032/1032 1033/1033/1033 1046/1046/1046 1045/1045/1045
f 1033/1033/1033 1034/1034/1034 1047/1047/1047 1046/1046/1046
f 1034/1034/1034 1035/1035/1035 1048/1048/1048 1047/1047/1047
f 1035/1035/1035 1036/1036/1036 1049/1049/1049 1048/1048/1048
f 1036/1036/1036 1037/1037/1037 1050/1050/1050 1049/1049/1049
f 1037/1037/1037 1038/1038/1038 1051/1051/1051 1050/1050/1050
f 1038/1038/1038 1039/1039/1039 1052/1052/1052 1051/1051/1051
f 1039/1039/1039 1040/1040/1040 1053/1053/1053 1052/1052/1052
f 1041/1041/1041 1042/1042/1042 1055/1055/1055 1054/1054/1054
f 1042/1042/1042 1043/1043/1043 1056/1056/1056 1055/1055/1055
f 1043/1043/1043 1044/1044/1044 1057/1057/1057 1056/1056/1056
f 1044/1044/1044 1045/1045/1045 1058/1058/1058 1057/1057/1057
f 1045/1045/1045 1046/1046/1046 1059/1059/1059 1058/1058/1058
f 1046/1046/1046 1047/1047/1047 1060/1060/1060 1059/1059/1059
f 1047/1047/1047 1048/1048/1048 1061/1061/1061 1060/1060/1060
f 1048/1048/1048 1049/1049/1049 1062/1062/1062 1061/1061/1061
f 1049/1049/1049 1050/1050/1050 1063/1063/1063 1062/1062/1062
f 1050/1050/1050 1051/1051/1051 1064/1064/1064 1063/1063/1063
f 1051/1051/1051 1052/1052/1052 1065/1065/1065 1064/1064/1064
f 1052/1052/1052 1053/1053/1053 1066/1066/1066 1065/1065/1065
f 1054/1054/1054 1055/1055/1055 1068/1068/1068 1067/1067/1067
f 1055/1055/1055 1056/1056/1056 1069/1069/1069 1068/1068/1068
f 1056/1056/1056 1057/1057/1057 1070/1070/1070 1069/1069/1069
f 1057/1057/1057 1058/1058/1058 1071/1071/1071 1070/1070/1070
f 1058/1058/1058 1059/1059/1059 1072/1072/1072 1071/1071/1071
f 1059/1059/1059 1060/1060/1060 1073/1073/1073 1072/1072/1072
f 1060/1060/1060 1061/1061/1061 1074/1074/1074 1073/1073/1073
f 1061/1061/1061 1062/1062/1062 1075/1075/1075 1074/1074/1074
f 1062/1062/1062 1063/1063/1063 1076/1076/1076 1075/1075/1075
f 1063/1063/1063 1064/1064/1064 1077/1077/1077 1076/1076/1076
f 1064/1064/1064 1065/1065/1065 1078/1078/1078 1077/1077/1077
f 1065/1065/1065 1066/1066/1066 1079/1079/1079 1078/1078/1078
f 1067/1067/1067 1068/1068/1068 1081/1081/1081 1080/1080/1080
f 1068/1068/1068 1069/1069/1069 1082/1082/1082 1081/1081/1081
f 1069/1069/1069 1070/1070/1070 1083/1083/1083 1082/1082/1082
f 1070/1070/1070 1071/1071/1071 1084/1084/1084 1083/1083/1083
f 1071/1071/1071 1072/1072/1072 1085/1085/1085 1084/1084/1084
f 1072/1072/1072 1073/1073/1073 1086/1086/1086 1085/1085/1085
f 1073/1073/1073 1074/1074/1074 1087/1087/1087 1086/1086/1086
f 1074/1074/1074 1075/1075/1075 1088/1088/1088 1087/1087/1087
f 1075/1075/1075 1076/1076/1076 1089/1089/1089 1088/1088/1088
f 1076/1076/1076 1077/1077/1077 1090/1090/1090 1089/1089/1089
f 1077/1077/1077 1078/1078/1078 1091/1091/1091 1090/1090/1090
f 1078/1078/1078 1079/1079/1079 1092/1092/1092 1091/1091/1091
f 1080/1080/1080 1081/1081/1081 1094/1094/1094 1093/1093/1093
f 1081/1081/1081 1082/1082/1082 1095/1095/1095 1094/1094/1094
f 1082/1082/1082 1083/1083/1083 1096/1096/1096 1095/1095/1095
f 1083/1083/1083 1084/1084/1084 1097/1097/1097 1096/1096/1096
f 1084/1084/1084 1085/1085/1085 1098/1098/1098 1097/1097/1097
f 1085/1085/1085 1086/1086/1086 1099/1099/1099 1098/1098/1098
f 1086/1086/1086 1087/1087/1087 1100/1100/1100 1099/1099/1099
f 1087/1087/1087 1088/1088/1088 1101/1101/1101 1100/1100/1100
f 1088/1088/1088 1089/1089/1089 1102/1102/1102 1101/1101/1101
f 1089/1089/1089 1090/1090/1090 1103/1103/1103 1102/1102/1102
f 1090/1090/1090 1091/1091/1091 1104/1104/1104 1103/1103/1103
f 1091/1091/1091 1092/1092/1092 1105/1105/1105 1104/1104/1104
f 1093/1093/1093 1094/1094/1094 1107/1107/1107 1106/1106/1106
f 1094/1094/1094 1095/1095/1095 1108/1108/1108 1107/1107/1107
f 1095/1095/1095 1096/1096/1096 1109/1109/1109 1108/1108/1108
f 1096/1096/1096 1097/1097/1097 1110/1110/1110 1109/1109/1109
f 1097/1097/1097 1098/1098/1098 1111/1111/1111 1110/1110/1110
f 1098/1098/1098 1099/1099/1099 1112/1112/1112 1111/1111/1111
f 1099/1099/1099 1100/1100/1100 1113/1113/1113 1112/1112/1112
f 1100/1100/1100 1101/1101/1101 1114/1114/1114 1113/1113/1113
f 1101/1101/1101 1102/1102/1102 1115/1115/1115 1114/1114/1114
f 1102/1102/1102 1103/1103/1103 1116/1116/1116 1115/1115/1115
f 1103/1103/1103 1104/1104/1104 1117/1117/1117 1116/1116/1116
f 1104/1104/1104 1105/1105/1105 1118/1118/1118 1117/1117/1117
f 1106/1106/1106 1107/1107/1107 1120/1120/1120 1119/1119/1119
f 1107/1107/1107 1108/1108/1108 1121/1121/1121 1120/1120/1120
f 1108/1108/1108 1109/1109/1109 1122/1122/1122 1121/1121/1121
f 1109/1109/1109 1110/1110/1110 1123/1123/1123 1122/1122/1122
f 1110/1110/1110 1111/1111/1111 1124/1124/1124 1123/1123/1123
f 1111/1111/1111 1112/1112/1112 1125/1125/1125 1124/1124/1124
f 1112/1112/1112 1113/1113/1113 1126/1126/1126 1125/1125/1125
f 1113/1113/1113 1114/1114/1114 1127/1127/1127 1126/1126/1126
f 1114/1114/1114 1115/1115/1115 1128/1128/1128 1127/1127/1127
f 1115/1115/1115 1116/1116/1116 1129/1129/1129 1128/1128/1128
f 1116/1116/1116 1117/1117/1117 1130/1130/1130 1129/1129/1129
f 1117/1117/1117 1118/1118/1118 1131/1131/1131 1130/1130/1130
f 1119/1119/1119 1120/1120/1120 1133/1133/1133 1132/1132/1132
f 1120/1120/1120 1121/1121/1121 1134/1134/1134 1133/1133/1133
f 1121/1121/1121 1122/1122/1122 1135/1135/1135 1134/1134/1134
f 1122/1122/1122 1123/1123/1123 1136/1136/1136 1135/1135/1135
f 1123/1123/1123 1124/1124/1124 1137/1137/1137 1136/1136/1136
f 1124/1124/1124 1125/1125/1125 1138/1138/1138 1137/1137/1137
f 1125/1125/1125 1126/1126/1126 1139/1139/1139 1138/1138/1138
f 1126/1126/1126 1127/1127/1127 1140/1140/1140 1139/1139/1139
f 1127/1127/1127 1128/1128/1128 1141/1141/1141 1140/1140/1140
f 1128/1128/1128 1129/1129/1129 1142/1142/1142 1141/1141/1141
f 1129/1129/1129 1130/1130/1130 1143/1143/1143 1142/1142/1142
f 1130/1130/1130 1131/1131/1131 1144/1144/1144 1143/1143/1143
f 1132/1132/1132 1133/1133/1133 1146/1146/1146 1145/1145/1145
f 1133/1133/1133 1134/1134/1134 1147/1147/1147 1146/1146/1146
f 1134/1134/1134 1135/1135/1135 1148/1148/1148 1147/1147/1147
f 1135/1135/1135 1136/1136/1136 1149/1149/1149 1148/1148/1148
f 1136/1136/1136 1137/1137/1137 1150/1150/1150 1149/1149/1149
f 1137/1137/1137 1138/1138/1138 1151/1151/1151 1150/1150/1150
f 1138/1138/1138 1139/1139/1139 1152/1152/1152 1151/1151/1151
f 1139/1139/1139 1140/1140/1140 1153/1153/1153 1152/1152/1152
f 1140/1140/1140 1141/1141/1141 1154/1154/1154 1153/1153/1153
f 1141/1141/1141 1142/1142/1142 1155/1155/1155 1154/1154/1154
f 1142/1142/1142 1143/1143/1143 1156/1156/1156 1155/1155/1155
f 1143/1143/1143 1144/1144/1144 1157/1157/1157 1156/1156/1156
f 1145/1145/1145 1146/1146/1146 1159/1159/1159 1158/1158/1158
f 1146/1146/1146 1147/1147/1147 1160/1160/1160 1159/1159/1159
f 1147/1147/1147 1148/1148/1148 1161/1161/1161 1160/1160/1160
f 1148/1148/1148 1149/1149/1149 1162/1162/1162 1161/1161/1161
f 1149/1149/1149 1150/1150/1150 1163/1163/1163 1162/1162/1162
f 1150/1150/1150 1151/1151/1151 1164/1164/1164 1163/1163/1163
f 1151/1151/1151 1152/1152/1152 1165/1165/1165 1164/1164/1164
f 1152/1152/1152 1153/1153/1153 1166/1166/1166 1165/1165/1165
f 1153/1153/1153 1154/1154/1154 1167/1167/1167 1166/1166/1166
f 1154/1154/1154 1155/1155/1155 1168/1168/1168 1167/1167/1167
f 1155/1155/1155 1156/1156/1156 1169/1169/1169 1168/1168/1168
f 1156/1156/1156 1157/1157/1157 1170/1170/1170 1169/1169/1169
f 1158/1158/1158 1159/1159/1159 1172/1172/1172 1171/1171/1171
f 1159/1159/1159 1160/1160/1160 1173/1173/1173 1172/1172/1172
f 1160/1160/1160 1161/1161/1161 1174/1174/1174 1173/1173/1173
f 1161/1161/1161 1162/1162/1162 1175/1175/1175 1174/1174/1174
f 1162/1162/1162 1163/1163/1163 1176/1176/1176 1175/1175/1175
f 1163/1163/1163 1164/1164/1164 1177/1177/1177 1176/1176/1176
f 1164/1164/1164 1165/1165/1165 1178/1178/1178 1177/1177/1177
f 1165/1165/1165 1166/1166/1166 1179/1179/1179 1178/1178/1178
f 1166/1166/1166 1167/1167/1167 1180/1180/1180 1179/1179/1179
f 1167/1167/1167 1168/1168/1168 1181/1181/1181 1180/1180/1180
f 1168/1168/1168 1169/1169/1169 1182/1182/1182 1181/1181/1181
f 1169/1169/1169 1170/1170/1170 1183/1183/1183 1182/1182/1182
f 1171/1171/1171 1172/1172/1172 1185/1185/1185 1184/1184/1184
f 1172/1172/1172 1173/1173/1173 1186/1186/1186 1185/1185/1185
f 1173/1173/1173 1174/1174/1174 1187/1187/1187 1186/1186/1186
f 1174/1174/1174 1175/1175/1175 1188/1188/1188 1187/1187/1187
f 1175/1175/1175 1176/1176/1176 1189/1189/1189 1188/1188/1188
f 1176/1176/1176 1177/1177/1177 1190/1190/1190 1189/1189/1189
f 1177/1177/1177 1178/1178/1178 1191/1191/1191 1190/1190/1190
f 1178/1178/1178 1179/1179/1179 1192/1192/1192 1191/1191/1191
f 1179/1179/1179 1180/1180/1180 1193/1193/1193 1192/1192/1192
f 1180/1180/1180 1181/1181/1181 1194/1194/1194 1193/1193/1193
f 1181/1181/1181 1182/1182/1182 1195/1195/1195 1194/1194/1194
f 1182/1182/1182 1183/1183/1183 1196/1196/1196 1195/1195/1195
f 1184/1184/1184 1185/1185/1185 1198/1198/1198 1197/1197/1197
f 1185/1185/1185 1186/1186/1186 1199/1199/1199 1198/1198/1198
f 1186/1186/1186 1187/1187/1187 1200/1200/1200 1199/1199/1199
f 1187/1187/1187 1188/1188/1188 1201/1201/1201 1200/1200/1200
f 1188/1188/1188 1189/1189/1189 1202/1202/1202 1201/1201/1201
f 1189/1189/1189 1190/1190/1190 1203/1203/1203 1202/1202/1202
f 1190/1190/1190 1191/1191/1191 1204/1204/1204 1203/1203/1203
f 1191/1191/1191 1192/1192/1192 1205/1205/1205 1204/1204/1204
f 1192/1192/1192 1193/1193/1193 1206/1206/1206 1205/1205/1205
f 1193/1193/1193 1194/1194/1194 1207/1207/1207 1206/1206/1206
f 1194/1194/1194 1195/1195/1195 1208/1208/1208 1207/1207/1207
f 1195/1195/1195 1196/1196/1196 1209/1209/1209 1208/1208/1208
f 1197/1197/1197 1198/1198/1198 1211/1211/1211 1210/1210/1210
f 1198/1198/1198 1199/1199/1199 1212/1212/1212 1211/1211/1211
f 1199/1199/1199 1200/1200/1200 1213/1213/1213 1212/1212/1212
f 1200/1200/1200 1201/1201/1201 1214/1214/1214 1213/1213/1213
f 1201/1201/1201 1202/1202/1202 1215/1215/1215 1214/1214/1214
f 1202/1202/1202 1203/1203/1203 1216/1216/1216 1215/1215/1215
f 1203/1203/1203 1204/1204/1204 1217/1217/1217 1216/1216/1216
f 1204/1204/1204 1205/1205/1205 1218/1218/1218 1217/1217/1217
f 1205/1205/1205 1206/1206/1206 1219/1219/1219 1218/1218/1218
f 1206/1206/1206 1207/1207/1207 1220/1220/1220 1219/1219/1219
f 1207/1207/1207 1208/1208/1208 1221/1221/1221 1220/1220/1220
f 1208/1208/1208 1209/1209/1209 1222/1222/1222 1221/1221/1221
f 1210/1210/1210 1211/1211/1211 1224/1224/1224 1223/1223/1223
f 1211/1211/1211 1212/1212/1212 1225/1225/1225 1224/1224/1224
f 1212/1212/1212 1213/1213/1213 1226/1226/1226 1225/1225/1225
f 1213/1213/1213 1214/1214/1214 1227/1227/1227 1226/1226/1226
f 1214/1214/1214 1215/1215/1215 1228/1228/1228 1227/1227/1227
f 1215/1215/1215 1216/1216/1216 1229/1229/1229 1228/1228/1228
f 1216/1216/1216 1217/1217/1217 1230/1230/1230 1229/1229/1229
f 1217/1217/1217 1218/1218/1218 1231/1231/1231 1230/1230/1230
f 1218/1218/1218 1219/1219/1219 1232/1232/1232 1231/1231/1231
f 1219/1219/1219 1220/1220/1220 1233/1233/1233 1232/1232/1232
f 1220/1220/1220 1221/1221/1221 1234/1234/1234 1233/1233/1233
f 1221/1221/1221 1222/1222/1222 1235/1235/1235 1234/1234/1234
f 1223/1223/1223 1224/1224/1224 1237/1237/1237 1236/1236/1236
f 1224/1224/1224 1225/1225/1225 1238/1238/1238 1237/1237/1237
f 1225/1225/1225 1226/1226/1226 1239/1239/1239 1238/1238/1238
f 1226/1226/1226 1227/1227/1227 1240/1240/1240 1239/1239/1239
f 1227/1227/1227 1228/1228/1228 1241/1241/1241 1240/1240/1240
f 1228/1228/1228 1229/1229/1229 1242/1242/1242 1241/1241/1241
f 1229/1229/1229 1230/1230/1230 1243/1243/1243 1242/1242/1242
f 1230/1230/1230 1231/1231/1231 1244/1244/1244 1243/1243/1243
f 1231/1231/1231 1232/1232/1232 1245/1245/1245 1244/1244/1244
f 1232/1232/1232 1233/1233/1233 1246/1246/1246 1245/1245/1245
f 1233/1233/1233 1234/1234/1234 1247/1247/1247 1246/1246/1246
f 1234/1234/1234 1235/1235/1235 1248/1248/1248 1247/1247/1247
f 1236/1236/1236 1237/1237/1237 1250/1250/1250 1249/1249/1249
f 1237/1237/1237 1238/1238/1238 1251/1251/1251 1250/1250/1250
f 1238/1238/1238 1239/1239/1239 1252/1252/1252 1251/1251/1251
f 1239/1239/1239 1240/1240/1240 1253/1253/1253 1252/1252/1252
f 1240/1240/1240 1241/1241/1241 1254/1254/1254 1253/1253/1253
f 1241/1241/1241 1242/1242/1242 1255/1255/1255 1254/1254/1254
f 1242/1242/1242 1243/1243/1243 1256/1256/1256 1255/1255/1255
f 1243/1243/1243 1244/1244/1244 1257/1257/1257 1256/1256/1256
f 1244/1244/1244 1245/1245/1245 1258/1258/1258 1257/1257/1257
f 1245/1245/1245 1246/1246/1246 1259/1259/1259 1258/1258/1258
f 1246/1246/1246 1247/1247/1247 1260/1260/1260 1259/1259/1259
f 1247/1247/1247 1248/1248/1248 1261/1261/1261 1260/1260/1260
f 1249/1249/1249 1250/1250/1250 1263/1263/1263 1262/1262/1262
f 1250/1250/1250 1251/1251/1251 1264/1264/1264 1263/1263/1263
f 1251/1251/1251 1252/1252/1252 1265/1265/1265 1264/1264/1264
f 1252/1252/1252 1253/1253/1253 1266/1266/1266 1265/1265/1265
f 1253/1253/1253 1254/1254/1254 1267/1267/1267 1266/1266/1266
f 1254/1254/1254 1255/1255/1255 1268/1268/1268 1267/1267/1267
f 1255/1255/1255 1256/1256/1256 1269/1269/1269 1268/1268/1268
f 1256/1256/1256 1257/1257/1257 1270/1270/1270 1269/1269/1269
f 1257/1257/1257 1258/1258/1258 1271/1271/1271 1270/1270/1270
f 1258/1258/1258 1259/1259/1259 1272/1272/1272 1271/1271/1271
f 1259/1259/1259 1260/1260/1260 1273/1273/1273 1272/1272/1272
f 1260/1260/1260 1261/1261/1261 1274/1274/1274 1273/1273/1273
f 1262/1262/1262 1263/1263/1263 1276/1276/1276 1275/1275/1275
f 1263/1263/1263 1264/1264/1264 1277/1277/1277 1276/1276/1276
f 1264/1264/1264 1265/1265/1265 1278/1278/1278 1277/1277/1277
f 1265/1265/1265 1266/1266/1266 1279/1279/1279 1278/1278/1278
f 1266/1266/1266 1267/1267/1267 1280/1280/1280 1279/1279/1279
f 1267/1267/1267 1268/1268/1268 1281/1281/1281 1280/1280/1280
f 1268/1268/1268 1269/1269/1269 1282/1282/1282 1281/1281/1281
f 1269/1269/1269 1270/1270/1270 1283/1283/1283 1282/1282/1282
f 1270/1270/1270 1271/1271/1271 1284/1284/1284 1283/1283/1283
f 1271/1271/1271 1272/1272/1272 1285/1285/1285 1284/1284/1284
f 1272/1272/1272 1273/1273/1273 1286/1286/1286 1285/1285/1285
f 1273/1273/1273 1274/1274/1274 1287/1287/1287 1286/1286/1286
f 1275/1275/1275 1276/1276/1276 1289/1289/1289 1288/1288/1288
f 1276/1276/1276 1277/1277/1277 1290/1290/1290 1289/1289/1289
f 1277/1277/1277 1278/1278/1278 1291/1291/1291 1290/1290/1290
f 1278/1278/1278 1279/1279/1279 1292/1292/1292 1291/1291/1291
f 1279/1279/1279 1280/1280/1280 1293/1293/1293 1292/1292/1292
f 1280/1280/1280 1281/1281/1281 1294/1294/1294 1293/1293/1293
f 1281/1281/1281 1282/1282/1282 1295/1295/1295 1294/1294/1294
f 1282/1282/1282 1283/1283/1283 1296/1296/1296 1295/1295/1295
f 1283/1283/1283 1284/1284/1284 1297/1297/1297 1296/1296/1296
f 1284/1284/1284 1285/1285/1285 1298/1298/1298 1297/1297/1297
f 1285/1285/1285 1286/1286/1286 1299/1299/1299 1298/1298/1298
f 1286/1286/1286 1287/1287/1287 1300/1300/1300 1299/1299/1299
f 1288/1288/1288 1289/1289/1289 1302/1302/1302 1301/1301/1301
f 1289/1289/1289 1290/1290/1290 1303/1303/1303 1302/1302/1302
f 1290/1290/1290 1291/1291/1291 1304/1304/1304 1303/1303/1303
f 1291/1291/1291 1292/1292/1292 1305/1305/1305 1304/1304/1304
f 1292/1292/1292 1293/1293/1293 1306/1306/1306 1305/1305/1305
f 1293/1293/1293 1294/1294/1294 1307/1307/1307 1306/1306/1306
f 1294/1294/1294 1295/1295/1295 1308/1308/1308 1307/1307/1307
f 1295/1295/1295 1296/1296/1296 1309/1309/1309 1308/1308/1308
f 1296/1296/1296 1297/1297/1297 1310/1310/1310 1309/1309/1309
f 1297/1297/1297 1298/1298/1298 1311/1311/1311 1310/1310/1310
f 1298/1298/1298 1299/1299/1299 1312/1312/1312 1311/1311/1311
f 1299/1299/1299 1300/1300/1300 1313/1313/1313 1312/1312/1312
f 1301/1301/1301 1302/1302/1302 1315/1315/1315 1314/1314/1314
f 1302/1302/1302 1303/1303/1303 1316/1316/1316 1315/1315/1315
f 1303/1303/1303 1304/1304/1304 1317/1317/1317 1316/1316/1316
f 1304/1304/1304 1305/1305/1305 1318/1318/1318 1317/1317/1317
f 1305/1305/1305 1306/1306/1306 1319/1319/1319 1318/1318/1318
f 1306/1306/1306 1307/1307/1307 1320/1320/1320 1319/1319/1319
f 1307/1307/1307 1308/1308/1308 1321/1321/1321 1320/1320/1320
f 1308/1308/1308 1309/1309/1309 1322/1322/1322 1321/1321/1321
f 1309/1309/1309 1310/1310/1310 1323/1323/1323 1322/1322/1322
f 1310/1310/1310 1311/1311/1311 1324/1324/1324 1323/1323/1323
f 1311/1311/1311 1312/1312/1312 1325/1325/1325 1324/1324/1324
f 1312/1312/1312 1313/1313/1313 1326/1326/1326 1325/1325/1325
f 1314/1314/1314 1315/1315/1315 1328/1328/1328 1327/1327/1327
f 1315/1315/1315 1316/1316/1316 1329/1329/1329 1328/1328/1328
f 1316/1316/1316 1317/1317/1317 1330/1330/1330 1329/1329/1329
f 1317/1317/1317 1318/1318/1318 1331/1331/1331 1330/1330/1330
f 1318/1318/1318 1319/1319/1319 1332/1332/1332 1331/1331/1331
f 1319/1319/1319 1320/1320/1320 1333/1333/1333 1332/1332/1332
f 1320/1320/1320 1321/1321/1321 1334/1334/1334 1333/1333/1333
f 1321/1321/1321 1322/1322/1322 1335/1335/1335 1334/1334/1334
f 1322/1322/1322 1323/1323/1323 1336/1336/1336 1335/1335/1335
f 1323/1323/1323 1324/1324/1324 1337/1337/1337 1336/1336/1336
f 1324/1324/1324 1325/1325/1325 1338/1338/1338 1337/1337/1337
f 1325/1325/1325 1326/1326/1326 1339/1339/1339 1338/1338/1338
f 1327/1327/1327 1328/1328/1328 1341/1341/1341 1340/1340/1340
f 1328/1328/1328 1329/1329/1329 1342/1342/1342 1341/1341/1341
f 1329/1329/1329 1330/1330/1330 1343/1343/1343 1342/1342/1342
f 1330/1330/1330 1331/1331/1331 1344/1344/1344 1343/1343/1343
f 1331/1331/1331 1332/1332/1332 1345/1345/1345 1344/1344/1344
f 1332/1332/1332 1333/1333/1333 1346/1346/1346 1345/1345/1345
f 1333/1333/1333 1334/1334/1334 1347/1347/1347 1346/1346/1346
f 1334/1334/1334 1335/1335/1335 1348/1348/1348 1347/1347/1347
f 1335/1335/1335 1336/1336/1336 1349/1349/1349 1348/1348/1348
f 1336/1336/1336 1337/1337/1337 1350/1350/1350 1349/1349/1349
f 1337/1337/1337 1338/1338/1338 1351/1351/1351 1350/1350/1350
f 1338/1338/1338 1339/1339/1339 1352/1352/1352 1351/1351/1351
f 1340/1340/1340 1341/1341/1341 1354/1354/1354 1353/1353/1353
f 1341/1341/1341 1342/1342/1342 1355/1355/1355 1354/1354/1354
f 1342/1342/1342 1343/1343/1343 1356/1356/1356 1355/1355/1355
f 1343/1343/1343 1344/1344/1344 1357/1357/1357 1356/1356/1356
f 1344/1344/1344 1345/1345/1345 1358/1358/1358 1357/1357/1357
f 1345/1345/1345 1346/1346/1346 1359/1359/1359 1358/1358/1358
f 1346/1346/1346 1347/1347/1347 1360/1360/1360 1359/1359/1359
f 1347/1347/1347 1348/1348/1348 1361/1361/1361 1360/1360/1360
f 1348/1348/1348 1349/1349/1349 1362/1362/1362 1361/1361/1361
f 1349/1349/1349 1350/1350/1350 1363/1363/1363 1362/1362/1362
f 1350/1350/1350 1351/1351/1351 1364/1364/1364 1363/1363/1363
f 1351/1351/1351 1352/1352/1352 1365/1365/1365 1364/1364/1364
f 1353/1353/1353 1354/1354/1354 1367/1367/1367 1366/1366/1366
f 1354/1354/1354 1355/1355/1355 1368/1368/1368 1367/1367/1367
f 1355/1355/1355 1356/1356/1356 1369/1369/1369 1368/1368/1368
f 1356/1356/1356 1357/1357/1357 1370/1370/1370 1369/1369/1369
f 1357/1357/1357 1358/1358/1358 1371/1371/1371 1370/1370/1370
f 1358/1358/1358 1359/1359/1359 1372/1372/1372 1371/1371/1371
f 1359/1359/1359 1360/1360/1360 1373/1373/1373 1372/1372/1372
f 1360/1360/1360 1361/1361/1361 1374/1374/1374 1373/1373/1373
f 1361/1361/1361 1362/1362/1362 1375/1375/1375 1374/1374/1374
f 1362/1362/1362 1363/1363/1363 1376/1376/1376 1375/1375/1375
f 1363/1363/1363 1364/1364/1364 1377/1377/1377 1376/1376/1376
f 1364/1364/1364 1365/1365/1365 1378/1378/1378 1377/1377/1377
f 1366/1366/1366 1367/1367/1367 1380/1380/1380 1379/1379/1379
f 1367/1367/1367 1368/1368/1368 1381/1381/1381 1380/1380/1380
f 1368/1368/1368 1369/1369/1369 1382/1382/1382 1381/1381/1381
f 1369/1369/1369 1370/1370/1370 1383/1383/1383 1382/1382/1382
f 1370/1370/1370 1371/1371/1371 1384/1384/1384 1383/1383/1383
f 1371/1371/1371 1372/1372/1372 1385/1385/1385 1384/1384/1384
f 1372/1372/1372 1373/1373/1373 1386/1386/1386 1385/1385/1385
f 1373/1373/1373 1374/1374/1374 1387/1387/1387 1386/1386/1386
f 1374/1374/1374 1375/1375/1375 1388/1388/1388 1387/1387/1387
f 1375/1375/1375 1376/1376/1376 1389/1389/1389 1388/1388/1388
f 1376/1376/1376 1377/1377/1377 1390/1390/1390 1389/1389/1389
f 1377/1377/1377 1378/1378/1378 1391/1391/1391 1390/1390/1390
f 1379/1379/1379 1380/1380/1380 1393/1393/1393 1392/1392/1392
f 1380/1380/1380 1381/1381/1381 1394/1394/1394 1393/1393/1393
f 1381/1381/1381 1382/1382/1382 1395/1395/1395 1394/1394/1394
f 1382/1382/1382 1383/1383/1383 1396/1396/1396 1395/1395/1395
f 1383/1383/1383 1384/1384/1384 1397/1397/1397 1396/1396/1396
f 1384/1384/1384 1385/1385/1385 1398/1398/1398 1397/1397/1397
f 1385/1385/1385 1386/1386/1386 1399/1399/1399 1398/1398/1398
f 1386/1386/1386 1387/1387/1387 1400/1400/1400 1399/1399/1399
f 1387/1387/1387 1388/1388/1388 1401/1401/1401 1400/1400/1400
f 1388/1388/1388 1389/1389/1389 1402/1402/1402 1401/1401/1401
f 1389/1389/1389 1390/1390/1390 1403/1403/1403 1402/1402/1402
f 1390/1390/1390 1391/1391/1391 1404/1404/1404 1403/1403/1403
f 1392/1392/1392 1393/1393/1393 1406/1406/1406 1405/1405/1405
f 1393/1393/1393 1394/1394/1394 1407/1407/1407 1406/1406/1406
f 1394/1394/1394 1395/1395/1395 1408/1408/1408 1407/1407/1407
f 1395/1395/1395 1396/1396/1396 1409/1409/1409 1408/1408/1408
f 1396/1396/1396 1397/1397/1397 1410/1410/1410 1409/1409/1409
f 1397/1397/1397 1398/1398/1398 1411/1411/1411 1410/1410/1410
f 1398/1398/1398 1399/1399/1399 1412/1412/1412 1411/1411/1411
f 1399/1399/1399 1400/1400/1400 1413/1413/1413 1412/1412/1412
f 1400/1400/1400 1401/1401/1401 1414/1414/1414 1413/1413/1413
f 1401/1401/1401 1402/1402/1402 1415/1415/1415 1414/1414/1414
f 1402/1402/1402 1403/1403/1403 1416/1416/1416 1415/1415/1415
f 1403/1403/1403 1404/1404/1404 1417/1417/1417 1416/1416/1416
f 1405/1405/1405 1406/1406/1406 1419/1419/1419 1418/1418/1418
f 1406/1406/1406 1407/1407/1407 1420/1420/1420 1419/1419/1419
f 1407/1407/1407 1408/1408/1408 1421/1421/1421 1420/1420/1420
f 1408/1408/1408 1409/1409/1409 1422/1422/1422 1421/1421/1421
f 1409/1409/1409 1410/1410/1410 1423/1423/1423 1422/1422/1422
f 1410/1410/1410 1411/1411/1411 1424/1424/1424 1423/1423/1423
f 1411/1411/1411 1412/1412/1412 1425/1425/1425 1424/1424/1424
f 1412/1412/1412 1413/1413/1413 1426/1426/1426 1425/1425/1425
f 1413/1413/1413 1414/1414/1414 1427/1427/1427 1426/1426/1426
f 1414/1414/1414 1415/1415/1415 1428/1428/1428 1427/1427/1427
f 1415/1415/1415 1416/1416/1416 1429/1429/1429 1428/1428/1428
f 1416/1416/1416 1417/1417/1417 1430/1430/1430 1429/1429/1429
f 1418/1418/1418 1419/1419/1419 1432/1432/1432 1431/1431/1431
f 1419/1419/1419 1420/1420/1420 1433/1433/1433 1432/1432/1432
f 1420/1420/1420 1421/1421/1421 1434/1434/1434 1433/1433/1433
f 1421/1421/1421 1422/1422/1422 1435/1435/1435 1434/1434/1434
f 1422/1422/1422 1423/1423/1423 1436/1436/1436 1435/1435/1435
f 1423/1423/1423 1424/1424/1424 1437/1437/1437 1436/1436/1436
f 1424/1424/1424 1425/1425/1425 1438/1438/1438 1437/1437/1437
f 1425/1425/1425 1426/1426/1426 1439/1439/1439 1438/1438/1438
f 1426/1426/1426 1427/1427/1427 1440/1440/1440 1439/1439/1439
f 1427/1427/1427 1428/1428/1428 1441/1441/1441 1440/1440/1440
f 1428/1428/1428 1429/1429/1429 1442/1442/1442 1441/1441/1441
f 1429/1429/1429 1430/1430/1430 1443/1443/1443 1442/1442/1442
f 1431/1431/1431 1432/1432/1432 1445/1445/1445 1444/1444/1444
f 1432/1432/1432 1433/1433/1433 1446/1446/1446 1445/1445/1445
f 1433/1433/1433 1434/1434/1434 1447/1447/1447 1446/1446/1446
f 1434/1434/1434 1435/1435/1435 1448/1448/1448 1447/1447/1447
f 1435/1435/1435 1436/1436/1436 1449/1449/1449 1448/1448/1448
f 1436/1436/1436 1437/1437/1437 1450/1450/1450 1449/1449/1449
f 1437/1437/1437 1438/1438/1438 1451/1451/1451 1450/1450/1450
f 1438/1438/1438 1439/1439/1439 1452/1452/1452 1451/1451/1451
f 1439/1439/1439 1440/1440/1440 1453/1453/1453 1452/1452/1452
f 1440/1440/1440 1441/1441/1441 1454/1454/1454 1453/1453/1453
f 1441/1441/1441 1442/1442/1442 1455/1455/1455 1454/1454/1454
f 1442/1442/1442 1443/1443/1443 1456/1456/1456 1455/1455/1455
f 1444/1444/1444 1445/1445/1445 1458/1458/1458 1457/1457/1457
f 1445/1445/1445 1446/1446/1446 1459/1459/1459 1458/1458/1458
f 1446/1446/1446 1447/1447/1447 1460/1460/1460 1459/1459/1459
f 1447/1447/1447 1448/1448/1448 1461/1461/1461 1460/1460/1460
f 1448/1448/1448 1449/1449/1449 1462/1462/1462 1461/1461/1461
f 1449/1449/1449 1450/1450/1450 1463/1463/1463 1462/1462/1462
f 1450/1450/1450 1451/1451/1451 1464/1464/1464 1463/1463/1463
f 1451/1451/1451 1452/1452/1452 1465/1465/1465 1464/1464/1464
f 1452/1452/1452 1453/1453/1453 1466/1466/1466 1465/1465/1465
f 1453/1453/1453 1454/1454/1454 1467/1467/1467 1466/1466/1466
f 1454/1454/1454 1455/1455/1455 1468/1468/1468 1467/1467/1467
f 1455/1455/1455 1456/1456/1456 1469/1469/1469 1468/1468/1468
f 1457/1457/1457 1458/1458/1458 1471/1471/1471 1470/1470/1470
f 1458/1458/1458 1459/1459/1459 1472/1472/1472 1471/1471/1471
f 1459/1459/1459 1460/1460/1460 1473/1473/1473 1472/1472/1472
f 1460/1460/1460 1461/1461/1461 1474/1474/1474 1473/1473/1473
f 1461/1461/1461 1462/1462/1462 1475/1475/1475 1474/1474/1474
f 1462/1462/1462 1463/1463/1463 1476/1476/1476 1475/1475/1475
f 1463/1463/1463 1464/1464/1464 1477/1477/1477 1476/1476/1476
f 1464/1464/1464 1465/1465/1465 1478/1478/1478 1477/1477/1477
f 1465/1465/1465 1466/1466/1466 1479/1479/1479 1478/1478/1478
f 1466/1466/1466 1467/1467/1467 1480/1480/1480 1479/1479/1479
f 1467/1467/1467 1468/1468/1468 1481/1481/1481 1480/1480/1480
f 1468/1468/1468 1469/1469/1469 1482/1482/1482 1481/1481/1481
f 1470/1470/1470 1471/1471/1471 1484/1484/1484 1483/1483/1483
f 1471/1471/1471 1472/1472/1472 1485/1485/1485 1484/1484/1484
f 1472/1472/1472 1473/1473/1473 1486/1486/1486 1485/1485/1485
f 1473/1473/1473 1474/1474/1474 1487/1487/1487 1486/1486/1486
f 1474/1474/1474 1475/1475/1475 1488/1488/1488 1487/1487/1487
f 1475/1475/1475 1476/1476/1476 1489/1489/1489 1488/1488/1488
f 1476/1476/1476 1477/1477/1477 1490/1490/1490 1489/1489/1489
f 1477/1477/1477 1478/1478/1478 1491/1491/1491 1490/1490/1490
f 1478/1478/1478 1479/1479/1479 1492/1492/1492 1491/1491/1491
f 1479/1479/1479 1480/1480/1480 1493/1493/1493 1492/1492/1492
f 1480/1480/1480 1481/1481/1481 1494/1494/1494 1493/1493/1493
f 1481/1481/1481 1482/1482/1482 1495/1495/1495 1494/1494/1494
f 1483/1483/1483 1484/1484/1484 1497/1497/1497 1496/1496/1496
f 1484/1484/1484 1485/1485/1485 1498/1498/1498 1497/1497/1497
f 1485/1485/1485 1486/1486/1486 1499/1499/1499 1498/1498/1498
f 1486/1486/1486 1487/1487/1487 1500/1500/1500 1499/1499/1499
f 1487/1487/1487 1488/1488/1488 1501/1501/1501 1500/1500/1500
f 1488/1488/1488 1489/1489/1489 1502/1502/1502 1501/1501/1501
f 1489/1489/1489 1490/1490/1490 1503/1503/1503 1502/1502/1502
f 1490/1490/1490 1491/1491/1491 1504/1504/1504 1503/1503/1503
f 1491/1491/1491 1492/1492/1492 1505/1505/1505 1504/1504/1504
f 1492/1492/1492 1493/1493/1493 1506/1506/1506 1505/1505/1505
f 1493/1493/1493 1494/1494/1494 1507/1507/1507 1506/1506/1506
f 1494/1494/1494 1495/1495/1495 1508/1508/1508 1507/1507/1507
f 1496/1496/1496 1497/1497/1497 1510/1510/1510 1509/1509/1509
f 1497/1497/1497 1498/1498/1498 1511/1511/1511 1510/1510/1510
f 1498/1498/1498 1499/1499/1499 1512/1512/1512 1511/1511/1511
f 1499/1499/1499 1500/1500/1500 1513/1513/1513 1512/1512/1512
f 1500/1500/1500 1501/1501/1501 1514/1514/1514 1513/1513/1513
f 1501/1501/1501 1502/1502/1502 1515/1515/1515 1514/1514/1514
f 1502/1502/1502 1503/1503/1503 1516/1516/1516 1515/1515/1515
f 1503/1503/1503 1504/1504/1504 1517/1517/1517 1516/1516/1516
f 1504/1504/1504 1505/1505/1505 1518/1518/1518 1517/1517/1517
f 1505/1505/1505 1506/1506/1506 1519/1519/1519 1518/1518/1518
f 1506/1506/1506 1507/1507/1507 1520/1520/1520 1519/1519/1519
f 1507/1507/1507 1508/1508/1508 1521/1521/1521 1520/1520/1520
f 1509/1509/1509 1510/1510/1510 1523/1523/1523 1522/1522/1522
f 1510/1510/1510 1511/1511/1511 1524/1524/1524 1523/1523/1523
f 1511/1511/1511 1512/1512/1512 1525/1525/1525 1524/1524/1524
f 1512/1512/1512 1513/1513/1513 1526/1526/1526 1525/1525/1525
f 1513/1513/1513 1514/1514/1514 1527/1527/1527 1526/1526/1526
f 1514/1514/1514 1515/1515/1515 1528/1528/1528 1527/1527/1527
f 1515/1515/1515 1516/1516/1516 1529/1529/1529 1528/1528/1528
f 1516/1516/1516 1517/1517/1517 1530/1530/1530 1529/1529/1529
f 1517/1517/1517 1518/1518/1518 1531/1531/1531 1530/1530/1530
f 1518/1518/1518 1519/1519/1519 1532/1532/1532 1531/1531/1531
f 1519/1519/1519 1520/1520/1520 1533/1533/1533 1532/1532/1532
f 1520/1520/1520 1521/1521/1521 1534/1534/1534 1533/1533/1533
f 1522/1522/1522 1523/1523/1523 1536/1536/1536 1535/1535/1535
f 1523/1523/1523 1524/1524/1524 1537/1537/1537 1536/1536/1536
f 1524/1524/1524 1525/1525/1525 1538/1538/1538 1537/1537/1537
f 1525/1525/1525 1526/1526/1526 1539/1539/1539 1538/1538/1538
f 1526/1526/1526 1527/1527/1527 1540/1540/1540 1539/1539/1539
f 1527/1527/1527 1528/1528/1528 1541/1541/1541 1540/1540/1540
f 1528/1528/1528 1529/1529/1529 1542/1542/1542 1541/1541/1541
f 1529/1529/1529 1530/1530/1530 1543/1543/1543 1542/1542/1542
f 1530/1530/1530 1531/1531/1531 1544/1544/1544 1543/1543/1543
f 1531/1531/1531 1532/1532/1532 1545/1545/1545 1544/1544/1544
f 1532/1532/1532 1533/1533/1533 1546/1546/1546 1545/1545/1545
f 1533/1533/1533 1534/1534/1534 1547/1547/1547 1546/1546/1546
f 1535/1535/1535 1536/1536/1536 1549/1549/1549 1548/1548/1548
f 1536/1536/1536 1537/1537/1537 1550/1550/1550 1549/1549/1549
f 1537/1537/1537 1538/1538/1538 1551/1551/1551 1550/1550/1550
f 1538/1538/1538 1539/1539/1539 1552/1552/1552 1551/1551/1551
f 1539/1539/1539 1540/1540/1540 1553/1553/1553 1552/1552/1552
f 1540/1540/1540 1541/1541/1541 1554/1554/1554 1553/1553/1553
f 1541/1541/1541 1542/1542/1542 1555/1555/1555 1554/1554/1554
f 1542/1542/1542 1543/1543/1543 1556/1556/1556 1555/1555/1555
f 1543/1543/1543 1544/1544/1544 1557/1557/1557 1556/1556/1556
f 1544/1544/1544 1545/1545/1545 1558/1558/1558 1557/1557/1557
f 1545/1545/1545 1546/1546/1546 1559/1559/1559 1558/1558/1558
f 1546/1546/1546 1547/1547/1547 1560/1560/1560 1559/1559/1559
f 1548/1548/1548 1549/1549/1549 1562/1562/1562 1561/1561/1561
f 1549/1549/1549 1550/1550/1550 1563/1563/1563 1562/1562/1562
f 1550/1550/1550 1551/1551/1551 1564/1564/1564 1563/1563/1563
f 1551/1551/1551 1552/1552/1552 1565/1565/1565 1564/1564/1564
f 1552/1552/1552 1553/1553/1553 1566/1566/1566 1565/1565/1565
f 1553/1553/1553 1554/1554/1554 1567/1567/1567 1566/1566/1566
f 1554/1554/1554 1555/1555/1555 1568/1568/1568 1567/1567/1567
f 1555/1555/1555 1556/1556/1556 1569/1569/1569 1568/1568/1568
f 1556/1556/1556 1557/1557/1557 1570/1570/1570 1569/1569/1569
f 1557/1557/1557 1558/1558/1558 1571/1571/1571 1570/1570/1570
f 1558/1558/1558 1559/1559/1559 1572/1572/1572 1571/1571/1571
f 1559/1559/1559 1560/1560/1560 1573/1573/1573 1572/1572/1572
f 1561/1561/1561 1562/1562/1562 1575/1575/1575 1574/1574/1574
f 1562/1562/1562 1563/1563/1563 1576/1576/1576 1575/1575/1575
f 1563/1563/1563 1564/1564/1564 1577/1577/1577 1576/1576/1576
f 1564/1564/1564 1565/1565/1565 1578/1578/1578 1577/1577/1577
f 1565/1565/1565 1566/1566/1566 1579/1579/1579 1578/1578/1578
f 1566/1566/1566 1567/1567/1567 1580/1580/1580 1579/1579/1579
f 1567/1567/1567 1568/1568/1568 1581/1581/1581 1580/1580/1580
f 1568/1568/1568 1569/1569/1569 1582/1582/1582 1581/1581/1581
f 1569/1569/1569 1570/1570/1570 1583/1583/1583 1582/1582/1582
f 1570/1570/1570 1571/1571/1571 1584/1584/1584 1583/1583/1583
f 1571/1571/1571 1572/1572/1572 1585/1585/1585 1584/1584/1584
f 1572/1572/1572 1573/1573/1573 1586/1586/1586 1585/1585/1585
f 1574/1574/1574 1575/1575/1575 1588/1588/1588 1587/1587/1587
f 1575/1575/1575 1576/1576/1576 1589/1589/1589 1588/1588/1588
f 1576/1576/1576 1577/1577/1577 1590/1590/1590 1589/1589/1589
f 1577/1577/1577 1578/1578/1578 1591/1591/1591 1590/1590/1590
f 1578/1578/1578 1579/1579/1579 1592/1592/1592 1591/1591/1591
f 1579/1579/1579 1580/1580/1580 1593/1593/1593 1592/1592/1592
f 1580/1580/1580 1581/1581/1581 1594/1594/1594 1593/1593/1593
f 1581/1581/1581 1582/1582/1582 1595/1595/1595 1594/1594/1594
f 1582/1582/1582 1583/1583/1583 1596/1596/1596 1595/1595/1595
f 1583/1583/1583 1584/1584/1584 1597/1597/1597 1596/1596/1596
f 1584/1584/1584 1585/1585/1585 1598/1598/1598 1597/1597/1597
f 1585/1585/1585 1586/1586/1586 1599/1599/1599 1598/1598/1598
f 1587/1587/1587 1588/1588/1588 1601/1601/1601 1600/1600/1600
f 1588/1588/1588 1589/1589/1589 1602/1602/1602 1601/1601/1601
f 1589/1589/1589 1590/1590/1590 1603/1603/1603 1602/1602/1602
f 1590/1590/1590 1591/1591/1591 1604/1604/1604 1603/1603/1603
f 1591/1591/1591 1592/1592/1592 1605/1605/1605 1604/1604/1604
f 1592/1592/1592 1593/1593/1593 1606/1606/1606 1605/1605/1605
f 1593/1593/1593 1594/1594/1594 1607/1607/1607 1606/1606/1606
f 1594/1594/1594 1595/1595/1595 1608/1608/1608 1607/1607/1607
f 1595/1595/1595 1596/1596/1596 1609/1609/1609 1608/1608/1608
f 1596/1596/1596 1597/1597/1597 1610/1610/1610 1609/1609/1609
f 1597/1597/1597 1598/1598/1598 1611/1611/1611 1610/1610/1610
f 1598/1598/1598 1599/1599/1599 1612/1612/1612 1611/1611/1611
f 1600/1600/1600 1601/1601/1601 1614/1614/1614 1613/1613/1613
f 1601/1601/1601 1602/1602/1602 1615/1615/1615 1614/1614/1614
f 1602/1602/1602 1603/1603/1603 1616/1616/1616 1615/1615/1615
f 1603/1603/1603 1604/1604/1604 1617/1617/1617 1616/1616/1616
f 1604/1604/1604 1605/1605/1605 1618/1618/1618 1617/1617/1617
f 1605/1605/1605 1606/1606/1606 1619/1619/1619 1618/1618/1618
f 1606/1606/1606 1607/1607/1607 1620/1620/1620 1619/1619/1619
f 1607/1607/1607 1608/1608/1608 1621/1621/1621 1620/1620/1620
f 1608/1608/1608 1609/1609/1609 1622/1622/1622 1621/1621/1621
f 1609/1609/1609 1610/1610/1610 1623/1623/1623 1622/1622/1622
f 1610/1610/1610 1611/1611/1611 1624/1624/1624 1623/1623/1623
f 1611/1611/1611 1612/1612/1612 1625/1625/1625 1624/1624/1624
f 1613/1613/1613 1614/1614/1614 1627/1627/1627 1626/1626/1626
f 1614/1614/1614 1615/1615/1615 1628/1628/1628 1627/1627/1627
f 1615/1615/1615 1616/1616/1616 1629/1629/1629 1628/1628/1628
f 1616/1616/1616 1617/1617/1617 1630/1630/1630 1629/1629/1629
f 1617/1617/1617 1618/1618/1618 1631/1631/1631 1630/1630/1630
f 1618/1618/1618 1619/1619/1619 1632/1632/1632 1631/1631/1631
f 1619/1619/1619 1620/1620/1620 1633/1633/1633 1632/1632/1632
f 1620/1620/1620 1621/1621/1621 1634/1634/1634 1633/1633/1633
f 1621/1621/1621 1622/1622/1622 1635/1635/1635 1634/1634/1634
f 1622/1622/1622 1623/1623/1623 1636/1636/1636 1635/1635/1635
f 1623/1623/1623 1624/1624/1624 1637/1637/1637 1636/1636/1636
f 1624/1624/1624 1625/1625/1625 1638/1638/1638 1637/1637/1637
f 1626/1626/1626 1627/1627/1627 1640/1640/1640 1639/1639/1639
f 1627/1627/1627 1628/1628/1628 1641/1641/1641 1640/1640/1640
f 1628/1628/1628 1629/1629/1629 1642/1642/1642 1641/1641/1641
f 1629/1629/1629 1630/1630/1630 1643/1643/1643 1642/1642/1642
f 1630/1630/1630 1631/1631/1631 1644/1644/1644 1643/1643/1643
f 1631/1631/1631 1632/1632/1632 1645/1645/1645 1644/1644/1644
f 1632/1632/1632 1633/1633/1633 1646/1646/1646 1645/1645/1645
f 1633/1633/1633 1634/1634/1634 1647/1647/1647 1646/1646/1646
f 1634/1634/1634 1635/1635/1635 1648/1648/1648 1647/1647/1647
f 1635/1635/1635 1636/1636/1636 1649/1649/1649 1648/1648/1648
f 1636/1636/1636 1637/1637/1637 1650/1650/1650 1649/1649/1649
f 1637/1637/1637 1638/1638/1638 1651/1651/1651 1650/1650/1650
f 1639/1639/1639 1640/1640/1640 1653/1653/1653 1652/1652/1652
f 1640/1640/1640 1641/1641/1641 1654/1654/1654 1653/1653/1653
f 1641/1641/1641 1642/1642/1642 1655/1655/1655 1654/1654/1654
f 1642/1642/1642 1643/1643/1643 1656/1656/1656 1655/1655/1655
f 1643/1643/1643 1644/1644/1644 1657/1657/1657 1656/1656/1656
f 1644/1644/1644 1645/1645/1645 1658/1658/1658 1657/1657/1657
f 1645/1645/1645 1646/1646/1646 1659/1659/1659 1658/1658/1658
f 1646/1646/1646 1647/1647/1647 1660/1660/1660 1659/1659/1659
f 1647/1647/1647 1648/1648/1648 1661/1661/1661 1660/1660/1660
f 1648/1648/1648 1649/1649/1649 1662/1662/1662 1661/1661/1661
f 1649/1649/1649 1650/1650/1650 1663/1663/1663 1662/1662/1662
f 1650/1650/1650 1651/1651/1651 1664/1664/1664 1663/1663/1663
f 1652/1652/1652 1653/1653/1653 1666/1666/1666 1665/1665/1665
f 1653/1653/1653 1654/1654/1654 1667/1667/1667 1666/1666/1666
f 1654/1654/1654 1655/1655/1655 1668/1668/1668 1667/1667/1667
f 1655/1655/1655 1656/1656/1656 1669/1669/1669 1668/1668/1668
f 1656/1656/1656 1657/1657/1657 1670/1670/1670 1669/1669/1669
f 1657/1657/1657 1658/1658/1658 1671/1671/1671 1670/1670/1670
f 1658/1658/1658 1659/1659/1659 1672/1672/1672 1671/1671/1671
f 1659/1659/1659 1660/1660/1660 1673/1673/1673 1672/1672/1672
f 1660/1660/1660 1661/1661/1661 1674/1674/1674 1673/1673/1673
f 1661/1661/1661 1662/1662/1662 1675/1675/1675 1674/1674/1674
f 1662/1662/1662 1663/1663/1663 1676/1676/1676 1675/1675/1675
f 1663/1663/1663 1664/1664/1664 1677/1677/1677 1676/1676/1676
